-- phpMyAdmin SQL Dump
-- version 5.0.2
-- https://www.phpmyadmin.net/
--
-- 主机： 127.0.0.1
-- 生成日期： 2020-07-30 12:44:42
-- 服务器版本： 5.7.27-log
-- PHP 版本： 7.3.8

SET SQL_MODE = "NO_AUTO_VALUE_ON_ZERO";
START TRANSACTION;
SET time_zone = "+00:00";


/*!40101 SET @OLD_CHARACTER_SET_CLIENT=@@CHARACTER_SET_CLIENT */;
/*!40101 SET @OLD_CHARACTER_SET_RESULTS=@@CHARACTER_SET_RESULTS */;
/*!40101 SET @OLD_COLLATION_CONNECTION=@@COLLATION_CONNECTION */;
/*!40101 SET NAMES utf8mb4 */;

--
-- 数据库： `htc`
--

-- --------------------------------------------------------

--
-- 表的结构 `activities`
--

CREATE TABLE `activities` (
  `id` int(11) NOT NULL,
  `subordinate` smallint(6) NOT NULL DEFAULT '0' COMMENT '直推人数',
  `hashrate` mediumint(9) NOT NULL COMMENT '要求算力（0.1G）',
  `reward_miner_type` int(11) NOT NULL DEFAULT '1' COMMENT '奖励上级矿机类型',
  `reward_miner_number` tinyint(4) NOT NULL DEFAULT '0' COMMENT '奖励上级矿机数量',
  `reward_member` mediumtext COMMENT '获得奖励的会员ID',
  `created_at` timestamp NULL DEFAULT CURRENT_TIMESTAMP,
  `updated_at` timestamp NULL DEFAULT CURRENT_TIMESTAMP
) ENGINE=MyISAM DEFAULT CHARSET=utf8;

--
-- 转存表中的数据 `activities`
--

INSERT INTO `activities` (`id`, `subordinate`, `hashrate`, `reward_miner_type`, `reward_miner_number`, `reward_member`, `created_at`, `updated_at`) VALUES
(1, 10, 10, 1, 1, '[],6', NULL, '2020-07-12 12:21:23'),
(2, 30, 300, 2, 1, NULL, NULL, '2020-06-03 10:48:56'),
(3, 60, 6000, 3, 1, NULL, NULL, '2020-06-03 10:49:35'),
(4, 100, 100000, 4, 1, NULL, NULL, '2020-06-03 10:49:58');

-- --------------------------------------------------------

--
-- 表的结构 `admins`
--

CREATE TABLE `admins` (
  `id` int(11) NOT NULL,
  `account` varchar(20) NOT NULL,
  `name` varchar(20) NOT NULL,
  `phone` varchar(11) NOT NULL,
  `weixin` varchar(20) DEFAULT NULL,
  `password` varchar(255) NOT NULL,
  `role_id` int(11) NOT NULL,
  `blocked` tinyint(1) NOT NULL DEFAULT '0' COMMENT '0:启用，1:停用；',
  `created_at` timestamp NOT NULL DEFAULT CURRENT_TIMESTAMP,
  `updated_at` timestamp NULL DEFAULT NULL
) ENGINE=MyISAM DEFAULT CHARSET=utf8;

--
-- 转存表中的数据 `admins`
--

INSERT INTO `admins` (`id`, `account`, `name`, `phone`, `weixin`, `password`, `role_id`, `blocked`, `created_at`, `updated_at`) VALUES
(1, '13048814716', 'admin', '13048814716', 'admin', '$2y$10$SzodWnNwzG35LBw86uecJevJCeBlekPCea68vhopmcn3uVs8fthFe', 1, 0, '2019-12-24 09:18:16', '2020-06-19 17:41:33'),
(4, 'admin001', 'admin001', '12345678901', 'admin001', '$2y$10$2qJatMaRpD3U7SB7g/NH5.yfX3LDGJMHQeiGpgE08ZBiknLWP.J76', 19, 0, '2019-12-26 12:31:20', '2020-06-04 02:21:46');

-- --------------------------------------------------------

--
-- 表的结构 `assets`
--

CREATE TABLE `assets` (
  `id` int(11) NOT NULL,
  `member_id` int(11) NOT NULL,
  `balance` int(10) UNSIGNED NOT NULL DEFAULT '0' COMMENT '余额（0.01）',
  `blocked_assets` int(10) UNSIGNED NOT NULL DEFAULT '0' COMMENT '冻结资产（0.01）',
  `rewards` int(11) NOT NULL DEFAULT '0' COMMENT '累积奖励（0.01）',
  `buys` int(11) NOT NULL DEFAULT '0' COMMENT '累积购买（0.01HTC）',
  `created_at` timestamp NOT NULL DEFAULT CURRENT_TIMESTAMP,
  `updated_at` timestamp NULL DEFAULT NULL
) ENGINE=MyISAM DEFAULT CHARSET=utf8;

--
-- 转存表中的数据 `assets`
--

INSERT INTO `assets` (`id`, `member_id`, `balance`, `blocked_assets`, `rewards`, `buys`, `created_at`, `updated_at`) VALUES
(1, 1, 0, 0, 5200, 0, '2019-12-19 10:03:12', '2020-06-19 17:44:58'),
(2, 6, 10913, 0, 0, 20000, '2020-06-12 15:51:06', '2020-07-25 02:35:02'),
(3, 7, 999, 0, 0, 0, '2020-07-06 01:18:18', '2020-07-29 00:11:03'),
(4, 8, 899, 0, 0, 0, '2020-07-07 13:24:15', '2020-07-30 00:51:34'),
(5, 9, 0, 0, 0, 0, '2020-07-07 13:33:43', '2020-07-07 13:33:43'),
(6, 10, 0, 0, 0, 0, '2020-07-07 16:32:43', '2020-07-07 16:32:43'),
(7, 11, 0, 0, 0, 0, '2020-07-07 17:04:16', '2020-07-07 17:04:16'),
(8, 12, 512, 0, 0, 0, '2020-07-08 01:53:31', '2020-07-30 01:42:52'),
(9, 13, 191, 0, 0, 0, '2020-07-08 02:44:31', '2020-07-13 06:18:10'),
(10, 14, 2, 0, 0, 0, '2020-07-08 09:41:06', '2020-07-08 12:09:46'),
(11, 15, 0, 0, 0, 0, '2020-07-09 02:35:24', '2020-07-09 02:35:24'),
(12, 16, 0, 0, 0, 0, '2020-07-09 11:49:55', '2020-07-09 11:49:55'),
(13, 17, 480, 0, 0, 0, '2020-07-10 06:19:50', '2020-07-29 03:07:28'),
(14, 18, 0, 0, 0, 0, '2020-07-11 14:28:54', '2020-07-11 14:28:54'),
(15, 19, 0, 0, 0, 0, '2020-07-11 22:10:01', '2020-07-11 22:10:01'),
(16, 20, 263, 0, 0, 0, '2020-07-12 09:51:29', '2020-07-29 15:28:32'),
(17, 21, 69, 0, 0, 0, '2020-07-17 15:00:30', '2020-07-20 10:01:31'),
(18, 22, 0, 0, 0, 0, '2020-07-22 07:02:35', '2020-07-22 07:02:35');

-- --------------------------------------------------------

--
-- 表的结构 `bills`
--

CREATE TABLE `bills` (
  `id` int(11) NOT NULL,
  `member_id` int(11) NOT NULL,
  `tittle` varchar(50) NOT NULL,
  `operation` varchar(20) NOT NULL,
  `created_at` timestamp NOT NULL DEFAULT CURRENT_TIMESTAMP,
  `updated_at` timestamp NULL DEFAULT NULL
) ENGINE=MyISAM DEFAULT CHARSET=utf8;

--
-- 转存表中的数据 `bills`
--

INSERT INTO `bills` (`id`, `member_id`, `tittle`, `operation`, `created_at`, `updated_at`) VALUES
(1, 1, '余额-签到赠送', '+0.01', '2020-06-08 15:53:04', '2020-06-08 15:53:04'),
(2, 1, '余额-签到赠送', '+0.01', '2020-06-08 16:08:44', '2020-06-08 16:08:44'),
(3, 1, '余额-签到赠送', '+0.01', '2020-06-09 05:58:39', '2020-06-09 05:58:39'),
(4, 1, '余额-租用矿机', '-20', '2020-06-09 07:21:12', '2020-06-09 07:21:12'),
(5, 1, '余额-租用矿机', '-200', '2020-06-09 12:59:10', '2020-06-09 12:59:10'),
(6, 1, '余额-赠送', '+10', '2020-06-09 13:15:49', '2020-06-09 13:15:49'),
(7, 1, '余额-租用矿机', '-5', '2020-06-09 13:22:12', '2020-06-09 13:22:12'),
(8, 1, '余额-赠送', '+10000', '2020-06-09 13:41:08', '2020-06-09 13:41:08'),
(9, 1, '余额-租用矿机', '-200', '2020-06-09 13:42:14', '2020-06-09 13:42:14'),
(10, 1, '余额-赠送', '+-100', '2020-06-09 13:43:47', '2020-06-09 13:43:47'),
(11, 1, '余额-矿机产出', '+0.12', '2020-06-09 13:44:42', '2020-06-09 13:44:42'),
(12, 1, '余额-赠送', '--10', '2020-06-09 13:46:54', '2020-06-09 13:46:54'),
(13, 1, '余额-扣除', '-10', '2020-06-09 13:49:00', '2020-06-09 13:49:00'),
(14, 1, '余额-奖励', '+50', '2020-06-09 13:52:48', '2020-06-09 13:52:48'),
(15, 1, '矿机-赠送', '+1', '2020-06-09 14:07:35', '2020-06-09 14:07:35'),
(16, 1, '余额-签到赠送', '+0.01', '2020-06-09 16:32:11', '2020-06-09 16:32:11'),
(17, 1, '余额-矿机产出', '+1.01', '2020-06-09 16:32:30', '2020-06-09 16:32:30'),
(18, 1, '余额-矿机产出', '+11.93', '2020-06-10 17:19:10', '2020-06-10 17:19:10'),
(19, 1, '余额-签到赠送', '+0.01', '2020-06-10 17:19:25', '2020-06-10 17:19:25'),
(20, 1, '余额-签到赠送', '+0.01', '2020-06-11 04:50:52', '2020-06-11 04:50:52'),
(21, 1, '余额-签到赠送', '+0.01', '2020-06-12 15:16:26', '2020-06-12 15:16:26'),
(22, 1, '余额-矿机产出', '+22.36', '2020-06-12 15:16:37', '2020-06-12 15:16:37'),
(23, 6, '余额-签到赠送', '+0.01', '2020-06-16 13:01:50', '2020-06-16 13:01:50'),
(24, 6, '余额-签到赠送', '+0.01', '2020-06-18 12:41:06', '2020-06-18 12:41:06'),
(25, 1, '余额-直推买币奖励', '+1', '2020-06-18 15:34:19', '2020-06-18 15:34:19'),
(26, 6, '余额-买入', '+100', '2020-06-18 15:34:19', '2020-06-18 15:34:19'),
(27, 1, '余额-卖出', '-100', '2020-06-18 15:34:19', '2020-06-18 15:34:19'),
(28, 1, '余额-签到赠送', '+0.01', '2020-06-18 16:54:25', '2020-06-18 16:54:25'),
(29, 6, '余额-签到赠送', '+0.01', '2020-06-18 17:57:50', '2020-06-18 17:57:50'),
(30, 6, '余额-矿机产出', '+0.86', '2020-06-18 17:57:57', '2020-06-18 17:57:57'),
(31, 1, '余额-直推买币奖励', '+1', '2020-06-18 17:59:25', '2020-06-18 17:59:25'),
(32, 6, '余额-买入', '+100', '2020-06-18 17:59:25', '2020-06-18 17:59:25'),
(33, 1, '余额-卖出', '-100', '2020-06-18 17:59:25', '2020-06-18 17:59:25'),
(34, 6, '余额-租用矿机', '-200', '2020-06-19 14:25:37', '2020-06-19 14:25:37'),
(35, 6, '余额-赠送', '+200', '2020-06-19 14:53:15', '2020-06-19 14:53:15'),
(36, 6, '余额-赠送', '+100', '2020-06-19 14:58:13', '2020-06-19 14:58:13'),
(37, 6, '余额-租用矿机', '-5', '2020-06-19 14:58:36', '2020-06-19 14:58:36'),
(38, 6, '余额-租用矿机', '-5', '2020-06-19 15:07:50', '2020-06-19 15:07:50'),
(39, 6, '余额-租用矿机', '-5', '2020-06-19 15:12:02', '2020-06-19 15:12:02'),
(40, 6, '余额-租用矿机', '-5', '2020-06-19 15:14:31', '2020-06-19 15:14:31'),
(41, 6, '余额-租用矿机', '-5', '2020-06-19 15:14:43', '2020-06-19 15:14:43'),
(42, 6, '余额-租用矿机', '-5', '2020-06-19 15:16:27', '2020-06-19 15:16:27'),
(43, 6, '余额-租用矿机', '-5', '2020-06-19 15:23:01', '2020-06-19 15:23:01'),
(44, 1, '余额-签到赠送', '+0.01', '2020-06-19 17:01:24', '2020-06-19 17:01:24'),
(45, 6, '余额-租用矿机', '-5', '2020-06-19 17:09:09', '2020-06-19 17:09:09'),
(46, 6, '余额-租用矿机', '-200', '2020-06-19 17:09:20', '2020-06-19 17:09:20'),
(47, 6, '余额-租用矿机', '-20', '2020-06-19 17:09:32', '2020-06-19 17:09:32'),
(48, 6, '余额-租用矿机', '-20', '2020-06-19 17:09:35', '2020-06-19 17:09:35'),
(49, 6, '余额-租用矿机', '-20', '2020-06-19 17:09:38', '2020-06-19 17:09:38'),
(50, 1, '余额-扣除', '-9610.59', '2020-06-19 17:44:58', '2020-06-19 17:44:58'),
(51, 6, '余额-签到赠送', '+0.01', '2020-06-22 10:28:24', '2020-06-22 10:28:24'),
(52, 6, '余额-矿机产出', '+28.82', '2020-06-22 10:28:31', '2020-06-22 10:28:31'),
(53, 6, '余额-签到赠送', '+0.01', '2020-06-23 02:28:34', '2020-06-23 02:28:34'),
(54, 6, '余额-矿机产出', '+111.94', '2020-07-03 08:09:41', '2020-07-03 08:09:41'),
(55, 6, '余额-签到赠送', '+0.01', '2020-07-05 08:47:58', '2020-07-05 08:47:58'),
(56, 6, '余额-矿机产出', '+20.6', '2020-07-05 08:48:08', '2020-07-05 08:48:08'),
(57, 7, '余额-签到赠送', '+0.01', '2020-07-07 00:16:27', '2020-07-07 00:16:27'),
(58, 7, '余额-矿机产出', '+0.36', '2020-07-07 00:16:34', '2020-07-07 00:16:34'),
(59, 6, '余额-签到赠送', '+0.01', '2020-07-07 13:12:38', '2020-07-07 13:12:38'),
(60, 8, '余额-矿机产出', '+0.12', '2020-07-07 21:53:21', '2020-07-07 21:53:21'),
(61, 8, '余额-签到赠送', '+0.01', '2020-07-07 21:53:43', '2020-07-07 21:53:43'),
(62, 7, '余额-签到赠送', '+0.01', '2020-07-08 00:05:33', '2020-07-08 00:05:33'),
(63, 7, '余额-矿机产出', '+0.57', '2020-07-08 00:05:39', '2020-07-08 00:05:39'),
(64, 6, '余额-签到赠送', '+0.01', '2020-07-08 08:12:21', '2020-07-08 08:12:21'),
(65, 6, '余额-矿机产出', '+30.44', '2020-07-08 08:15:09', '2020-07-08 08:15:09'),
(66, 14, '余额-矿机产出', '+0.02', '2020-07-08 12:09:46', '2020-07-08 12:09:46'),
(67, 12, '余额-矿机产出', '+0.2', '2020-07-08 15:20:55', '2020-07-08 15:20:55'),
(68, 6, '余额-签到赠送', '+0.01', '2020-07-08 16:06:18', '2020-07-08 16:06:18'),
(69, 7, '余额-签到赠送', '+0.01', '2020-07-09 01:28:57', '2020-07-09 01:28:57'),
(70, 7, '余额-矿机产出', '+0.63', '2020-07-09 01:29:02', '2020-07-09 01:29:02'),
(71, 6, '余额-签到赠送', '+0.01', '2020-07-09 09:15:56', '2020-07-09 09:15:56'),
(72, 8, '余额-矿机产出', '+0.78', '2020-07-09 21:29:01', '2020-07-09 21:29:01'),
(73, 12, '余额-签到赠送', '+0.01', '2020-07-10 00:17:14', '2020-07-10 00:17:14'),
(74, 12, '余额-矿机产出', '+0.54', '2020-07-10 00:17:19', '2020-07-10 00:17:19'),
(75, 7, '余额-签到赠送', '+0.01', '2020-07-10 01:08:42', '2020-07-10 01:08:42'),
(76, 7, '余额-矿机产出', '+0.57', '2020-07-10 01:08:47', '2020-07-10 01:08:47'),
(77, 13, '余额-签到赠送', '+0.01', '2020-07-10 01:30:07', '2020-07-10 01:30:07'),
(78, 13, '余额-矿机产出', '+0.64', '2020-07-10 01:30:14', '2020-07-10 01:30:14'),
(79, 8, '余额-签到赠送', '+0.01', '2020-07-10 02:16:12', '2020-07-10 02:16:12'),
(80, 6, '余额-签到赠送', '+0.01', '2020-07-10 05:15:28', '2020-07-10 05:15:28'),
(81, 6, '余额-矿机产出', '+8.62', '2020-07-10 05:16:20', '2020-07-10 05:16:20'),
(82, 8, '余额-签到赠送', '+0.01', '2020-07-10 17:08:36', '2020-07-10 17:08:36'),
(83, 8, '余额-矿机产出', '+0.32', '2020-07-10 17:09:04', '2020-07-10 17:09:04'),
(84, 7, '余额-签到赠送', '+0.01', '2020-07-10 21:50:30', '2020-07-10 21:50:30'),
(85, 7, '余额-矿机产出', '+0.51', '2020-07-10 21:50:37', '2020-07-10 21:50:37'),
(86, 13, '余额-矿机产出', '+0.36', '2020-07-11 00:19:25', '2020-07-11 00:19:25'),
(87, 6, '余额-矿机产出', '+9.4', '2020-07-11 03:19:21', '2020-07-11 03:19:21'),
(88, 7, '余额-签到赠送', '+0.01', '2020-07-11 18:51:44', '2020-07-11 18:51:44'),
(89, 7, '余额-矿机产出', '+0.51', '2020-07-11 18:51:48', '2020-07-11 18:51:48'),
(90, 8, '余额-矿机产出', '+0.5', '2020-07-11 23:21:33', '2020-07-11 23:21:33'),
(91, 13, '余额-签到赠送', '+0.01', '2020-07-12 01:43:42', '2020-07-12 01:43:42'),
(92, 13, '余额-矿机产出', '+0.42', '2020-07-12 01:43:48', '2020-07-12 01:43:48'),
(93, 8, '余额-签到赠送', '+0.01', '2020-07-12 11:37:51', '2020-07-12 11:37:51'),
(94, 6, '微型云矿机-分享奖励', '+1', '2020-07-12 12:21:23', '2020-07-12 12:21:23'),
(95, 6, '余额-矿机产出', '+14.1', '2020-07-12 12:21:32', '2020-07-12 12:21:32'),
(96, 6, '余额-签到赠送', '+0.01', '2020-07-12 12:21:37', '2020-07-12 12:21:37'),
(97, 20, '余额-签到赠送', '+0.01', '2020-07-12 13:13:55', '2020-07-12 13:13:55'),
(98, 7, '余额-签到赠送', '+0.01', '2020-07-13 00:29:54', '2020-07-13 00:29:54'),
(99, 7, '余额-矿机产出', '+0.72', '2020-07-13 00:30:00', '2020-07-13 00:30:00'),
(100, 8, '余额-矿机产出', '+0.44', '2020-07-13 02:00:00', '2020-07-13 02:00:00'),
(101, 6, '余额-扣除', '-224.83', '2020-07-13 02:30:12', '2020-07-13 02:30:12'),
(102, 13, '余额-签到赠送', '+0.01', '2020-07-13 06:18:05', '2020-07-13 06:18:05'),
(103, 13, '余额-矿机产出', '+0.46', '2020-07-13 06:18:10', '2020-07-13 06:18:10'),
(104, 20, '余额-签到赠送', '+0.01', '2020-07-13 12:00:04', '2020-07-13 12:00:04'),
(105, 20, '余额-矿机产出', '+0.4', '2020-07-13 12:00:10', '2020-07-13 12:00:10'),
(106, 7, '余额-签到赠送', '+0.01', '2020-07-14 00:22:06', '2020-07-14 00:22:06'),
(107, 7, '余额-矿机产出', '+0.57', '2020-07-14 00:22:12', '2020-07-14 00:22:12'),
(108, 6, '余额-矿机产出', '+16.21', '2020-07-14 01:58:44', '2020-07-14 01:58:44'),
(109, 6, '余额-签到赠送', '+0.01', '2020-07-14 01:58:53', '2020-07-14 01:58:53'),
(110, 8, '余额-签到赠送', '+0.01', '2020-07-14 09:05:18', '2020-07-14 09:05:18'),
(111, 12, '余额-签到赠送', '+0.01', '2020-07-14 15:35:20', '2020-07-14 15:35:20'),
(112, 12, '余额-矿机产出', '+1.84', '2020-07-14 15:35:26', '2020-07-14 15:35:26'),
(113, 20, '余额-签到赠送', '+0.01', '2020-07-14 23:20:58', '2020-07-14 23:20:58'),
(114, 20, '余额-矿机产出', '+0.58', '2020-07-14 23:21:05', '2020-07-14 23:21:05'),
(115, 8, '余额-签到赠送', '+0.01', '2020-07-14 23:28:26', '2020-07-14 23:28:26'),
(116, 12, '余额-签到赠送', '+0.01', '2020-07-15 00:03:45', '2020-07-15 00:03:45'),
(117, 12, '余额-矿机产出', '+0.14', '2020-07-15 00:03:48', '2020-07-15 00:03:48'),
(118, 7, '余额-签到赠送', '+0.01', '2020-07-15 00:54:35', '2020-07-15 00:54:35'),
(119, 7, '余额-矿机产出', '+0.6', '2020-07-15 00:54:40', '2020-07-15 00:54:40'),
(120, 8, '余额-矿机产出', '+0.98', '2020-07-15 13:13:48', '2020-07-15 13:13:48'),
(121, 8, '余额-签到赠送', '+0.01', '2020-07-15 23:42:44', '2020-07-15 23:42:44'),
(122, 6, '余额-矿机产出', '+20.53', '2020-07-16 01:09:07', '2020-07-16 01:09:07'),
(123, 7, '余额-签到赠送', '+0.01', '2020-07-16 01:31:50', '2020-07-16 01:31:50'),
(124, 7, '余额-矿机产出', '+0.6', '2020-07-16 01:31:55', '2020-07-16 01:31:55'),
(125, 20, '余额-签到赠送', '+0.01', '2020-07-16 02:07:07', '2020-07-16 02:07:07'),
(126, 20, '余额-矿机产出', '+0.44', '2020-07-16 02:07:11', '2020-07-16 02:07:11'),
(127, 12, '余额-签到赠送', '+0.01', '2020-07-16 04:05:46', '2020-07-16 04:05:46'),
(128, 12, '余额-矿机产出', '+0.46', '2020-07-16 04:05:50', '2020-07-16 04:05:50'),
(129, 12, '余额-签到赠送', '+0.01', '2020-07-17 00:12:03', '2020-07-17 00:12:03'),
(130, 12, '余额-矿机产出', '+0.34', '2020-07-17 00:12:10', '2020-07-17 00:12:10'),
(131, 7, '余额-签到赠送', '+0.01', '2020-07-17 00:41:40', '2020-07-17 00:41:40'),
(132, 7, '余额-矿机产出', '+0.57', '2020-07-17 00:41:46', '2020-07-17 00:41:46'),
(133, 17, '余额-签到赠送', '+0.01', '2020-07-17 01:05:01', '2020-07-17 01:05:01'),
(134, 8, '余额-签到赠送', '+0.01', '2020-07-17 04:41:13', '2020-07-17 04:41:13'),
(135, 20, '余额-签到赠送', '+0.01', '2020-07-17 12:14:58', '2020-07-17 12:14:58'),
(136, 20, '余额-矿机产出', '+0.56', '2020-07-17 12:15:06', '2020-07-17 12:15:06'),
(137, 8, '余额-矿机产出', '+0.8', '2020-07-17 13:58:59', '2020-07-17 13:58:59'),
(138, 6, '余额-签到赠送', '+0.01', '2020-07-17 14:02:27', '2020-07-17 14:02:27'),
(139, 6, '余额-矿机产出', '+15.46', '2020-07-17 14:02:34', '2020-07-17 14:02:34'),
(140, 12, '余额-签到赠送', '+0.01', '2020-07-18 00:26:18', '2020-07-18 00:26:18'),
(141, 12, '余额-矿机产出', '+0.4', '2020-07-18 00:26:23', '2020-07-18 00:26:23'),
(142, 17, '余额-签到赠送', '+0.01', '2020-07-18 01:11:15', '2020-07-18 01:11:15'),
(143, 17, '余额-矿机产出', '+0.4', '2020-07-18 01:11:22', '2020-07-18 01:11:22'),
(144, 7, '余额-签到赠送', '+0.01', '2020-07-18 01:58:16', '2020-07-18 01:58:16'),
(145, 7, '余额-矿机产出', '+0.63', '2020-07-18 01:58:20', '2020-07-18 01:58:20'),
(146, 8, '余额-签到赠送', '+0.01', '2020-07-18 12:30:04', '2020-07-18 12:30:04'),
(147, 20, '余额-签到赠送', '+0.01', '2020-07-18 15:48:17', '2020-07-18 15:48:17'),
(148, 20, '余额-矿机产出', '+0.44', '2020-07-18 15:48:25', '2020-07-18 15:48:25'),
(149, 21, '余额-矿机产出', '+0.02', '2020-07-18 17:54:06', '2020-07-18 17:54:06'),
(150, 21, '余额-签到赠送', '+0.01', '2020-07-18 17:58:40', '2020-07-18 17:58:40'),
(151, 8, '余额-签到赠送', '+0.01', '2020-07-18 19:58:27', '2020-07-18 19:58:27'),
(152, 17, '余额-签到赠送', '+0.01', '2020-07-18 23:38:46', '2020-07-18 23:38:46'),
(153, 17, '余额-矿机产出', '+0.36', '2020-07-18 23:38:50', '2020-07-18 23:38:50'),
(154, 7, '余额-签到赠送', '+0.01', '2020-07-19 01:13:06', '2020-07-19 01:13:06'),
(155, 7, '余额-矿机产出', '+0.57', '2020-07-19 01:13:14', '2020-07-19 01:13:14'),
(156, 12, '余额-签到赠送', '+0.01', '2020-07-19 02:39:38', '2020-07-19 02:39:38'),
(157, 12, '余额-矿机产出', '+0.44', '2020-07-19 02:39:42', '2020-07-19 02:39:42'),
(158, 20, '余额-签到赠送', '+0.01', '2020-07-19 09:38:24', '2020-07-19 09:38:24'),
(159, 20, '余额-矿机产出', '+0.28', '2020-07-19 09:38:31', '2020-07-19 09:38:31'),
(160, 8, '余额-矿机产出', '+0.8', '2020-07-19 14:03:16', '2020-07-19 14:03:16'),
(161, 8, '余额-签到赠送', '+0.01', '2020-07-19 17:19:47', '2020-07-19 17:19:47'),
(162, 12, '余额-签到赠送', '+0.01', '2020-07-20 01:26:44', '2020-07-20 01:26:44'),
(163, 12, '余额-矿机产出', '+0.36', '2020-07-20 01:26:47', '2020-07-20 01:26:47'),
(164, 7, '余额-签到赠送', '+0.01', '2020-07-20 02:11:29', '2020-07-20 02:11:29'),
(165, 7, '余额-矿机产出', '+0.6', '2020-07-20 02:11:35', '2020-07-20 02:11:35'),
(166, 7, '余额-租用矿机', '-5', '2020-07-20 02:12:00', '2020-07-20 02:12:00'),
(167, 17, '余额-签到赠送', '+0.01', '2020-07-20 05:26:13', '2020-07-20 05:26:13'),
(168, 17, '余额-矿机产出', '+0.48', '2020-07-20 05:26:26', '2020-07-20 05:26:26'),
(169, 21, '余额-矿机产出', '+0.66', '2020-07-20 10:01:31', '2020-07-20 10:01:31'),
(170, 17, '余额-签到赠送', '+0.01', '2020-07-20 23:57:00', '2020-07-20 23:57:00'),
(171, 17, '余额-矿机产出', '+0.3', '2020-07-20 23:57:04', '2020-07-20 23:57:04'),
(172, 7, '余额-签到赠送', '+0.01', '2020-07-21 00:57:07', '2020-07-21 00:57:07'),
(173, 7, '余额-矿机产出', '+0.72', '2020-07-21 00:57:11', '2020-07-21 00:57:11'),
(174, 12, '余额-签到赠送', '+0.01', '2020-07-21 01:20:51', '2020-07-21 01:20:51'),
(175, 12, '余额-矿机产出', '+0.38', '2020-07-21 01:20:59', '2020-07-21 01:20:59'),
(176, 8, '余额-签到赠送', '+0.01', '2020-07-21 16:06:24', '2020-07-21 16:06:24'),
(177, 17, '余额-签到赠送', '+0.01', '2020-07-21 23:29:24', '2020-07-21 23:29:24'),
(178, 17, '余额-矿机产出', '+0.38', '2020-07-21 23:29:29', '2020-07-21 23:29:29'),
(179, 7, '余额-签到赠送', '+0.01', '2020-07-22 01:14:05', '2020-07-22 01:14:05'),
(180, 7, '余额-矿机产出', '+0.8', '2020-07-22 01:14:10', '2020-07-22 01:14:10'),
(181, 12, '余额-签到赠送', '+0.01', '2020-07-22 02:13:41', '2020-07-22 02:13:41'),
(182, 12, '余额-矿机产出', '+0.4', '2020-07-22 02:13:47', '2020-07-22 02:13:47'),
(183, 6, '余额-矿机产出', '+43.7', '2020-07-22 07:46:05', '2020-07-22 07:46:05'),
(184, 8, '余额-签到赠送', '+0.01', '2020-07-22 16:15:21', '2020-07-22 16:15:21'),
(185, 17, '余额-签到赠送', '+0.01', '2020-07-23 00:54:57', '2020-07-23 00:54:57'),
(186, 17, '余额-矿机产出', '+0.42', '2020-07-23 00:55:02', '2020-07-23 00:55:02'),
(187, 12, '余额-签到赠送', '+0.01', '2020-07-23 02:57:13', '2020-07-23 02:57:13'),
(188, 12, '余额-矿机产出', '+0.4', '2020-07-23 02:57:17', '2020-07-23 02:57:17'),
(189, 12, '余额-租用矿机', '-5', '2020-07-23 02:58:32', '2020-07-23 02:58:32'),
(190, 6, '余额-矿机产出', '+7.43', '2020-07-23 04:55:54', '2020-07-23 04:55:54'),
(191, 6, '余额-签到赠送', '+0.01', '2020-07-23 05:36:48', '2020-07-23 05:36:48'),
(192, 6, '余额-签到赠送', '+0.01', '2020-07-23 05:40:00', '2020-07-23 05:40:00'),
(193, 7, '余额-签到赠送', '+0.01', '2020-07-23 05:46:38', '2020-07-23 05:46:38'),
(194, 7, '余额-矿机产出', '+0.92', '2020-07-23 05:46:43', '2020-07-23 05:46:43'),
(195, 6, '余额-签到赠送', '+0.01', '2020-07-23 07:19:00', '2020-07-23 07:19:00'),
(196, 6, '余额-扣除', '-0.97', '2020-07-23 07:26:00', '2020-07-23 07:26:00'),
(197, 6, '余额-赠送', '+100', '2020-07-23 07:26:08', '2020-07-23 07:26:08'),
(198, 6, '余额-签到赠送', '+0.01', '2020-07-23 07:31:40', '2020-07-23 07:31:40'),
(199, 6, '余额-签到赠送', '+0.01', '2020-07-23 07:38:25', '2020-07-23 07:38:25'),
(200, 20, '余额-签到赠送', '+0.01', '2020-07-23 14:06:45', '2020-07-23 14:06:45'),
(201, 20, '余额-矿机产出', '+1.66', '2020-07-23 14:06:50', '2020-07-23 14:06:50'),
(202, 8, '余额-签到赠送', '+0.01', '2020-07-23 17:50:16', '2020-07-23 17:50:16'),
(203, 8, '余额-矿机产出', '+1.64', '2020-07-23 17:55:40', '2020-07-23 17:55:40'),
(204, 7, '余额-签到赠送', '+0.01', '2020-07-23 23:32:01', '2020-07-23 23:32:01'),
(205, 7, '余额-矿机产出', '+0.56', '2020-07-23 23:32:06', '2020-07-23 23:32:06'),
(206, 12, '余额-签到赠送', '+0.01', '2020-07-23 23:45:20', '2020-07-23 23:45:20'),
(207, 12, '余额-矿机产出', '+0.51', '2020-07-23 23:45:25', '2020-07-23 23:45:25'),
(208, 17, '余额-签到赠送', '+0.01', '2020-07-24 00:51:37', '2020-07-24 00:51:37'),
(209, 17, '余额-矿机产出', '+0.38', '2020-07-24 00:51:42', '2020-07-24 00:51:42'),
(210, 6, '余额-签到赠送', '+0.01', '2020-07-24 12:53:54', '2020-07-24 12:53:54'),
(211, 6, '余额-矿机产出', '+10.98', '2020-07-24 12:54:00', '2020-07-24 12:54:00'),
(212, 8, '余额-签到赠送', '+0.01', '2020-07-24 17:21:07', '2020-07-24 17:21:07'),
(213, 12, '余额-签到赠送', '+0.01', '2020-07-24 23:55:45', '2020-07-24 23:55:45'),
(214, 12, '余额-矿机产出', '+0.6', '2020-07-24 23:55:50', '2020-07-24 23:55:50'),
(215, 6, '余额-签到赠送', '+0.01', '2020-07-25 02:34:26', '2020-07-25 02:34:26'),
(216, 6, '余额-矿机产出', '+4.61', '2020-07-25 02:35:02', '2020-07-25 02:35:02'),
(217, 20, '余额-签到赠送', '+0.01', '2020-07-25 09:44:02', '2020-07-25 09:44:02'),
(218, 20, '余额-矿机产出', '+0.72', '2020-07-25 09:44:12', '2020-07-25 09:44:12'),
(219, 20, '余额-租用矿机', '-5', '2020-07-25 09:44:46', '2020-07-25 09:44:46'),
(220, 17, '余额-签到赠送', '+0.01', '2020-07-25 13:05:03', '2020-07-25 13:05:03'),
(221, 17, '余额-矿机产出', '+0.6', '2020-07-25 13:05:08', '2020-07-25 13:05:08'),
(222, 8, '余额-签到赠送', '+0.01', '2020-07-26 00:18:51', '2020-07-26 00:18:51'),
(223, 12, '余额-签到赠送', '+0.01', '2020-07-26 00:19:56', '2020-07-26 00:19:56'),
(224, 12, '余额-矿机产出', '+0.6', '2020-07-26 00:20:01', '2020-07-26 00:20:01'),
(225, 7, '余额-签到赠送', '+0.01', '2020-07-26 02:00:45', '2020-07-26 02:00:45'),
(226, 7, '余额-矿机产出', '+1.68', '2020-07-26 02:00:50', '2020-07-26 02:00:50'),
(227, 17, '余额-签到赠送', '+0.01', '2020-07-26 03:18:59', '2020-07-26 03:18:59'),
(228, 17, '余额-矿机产出', '+0.24', '2020-07-26 03:19:03', '2020-07-26 03:19:03'),
(229, 20, '余额-签到赠送', '+0.01', '2020-07-26 13:47:23', '2020-07-26 13:47:23'),
(230, 20, '余额-矿机产出', '+0.69', '2020-07-26 13:47:30', '2020-07-26 13:47:30'),
(231, 8, '余额-签到赠送', '+0.01', '2020-07-26 16:18:59', '2020-07-26 16:18:59'),
(232, 12, '余额-签到赠送', '+0.01', '2020-07-26 23:12:16', '2020-07-26 23:12:16'),
(233, 12, '余额-矿机产出', '+0.54', '2020-07-26 23:12:19', '2020-07-26 23:12:19'),
(234, 7, '余额-签到赠送', '+0.01', '2020-07-26 23:38:46', '2020-07-26 23:38:46'),
(235, 7, '余额-矿机产出', '+0.68', '2020-07-26 23:38:51', '2020-07-26 23:38:51'),
(236, 7, '余额-签到赠送', '+0.01', '2020-07-27 21:18:41', '2020-07-27 21:18:41'),
(237, 7, '余额-矿机产出', '+0.68', '2020-07-27 21:18:46', '2020-07-27 21:18:46'),
(238, 8, '余额-签到赠送', '+0.01', '2020-07-27 21:53:53', '2020-07-27 21:53:53'),
(239, 17, '余额-签到赠送', '+0.01', '2020-07-27 22:33:52', '2020-07-27 22:33:52'),
(240, 17, '余额-矿机产出', '+0.72', '2020-07-27 22:33:58', '2020-07-27 22:33:58'),
(241, 12, '余额-签到赠送', '+0.01', '2020-07-27 23:22:39', '2020-07-27 23:22:39'),
(242, 12, '余额-矿机产出', '+0.6', '2020-07-27 23:22:46', '2020-07-27 23:22:46'),
(243, 20, '余额-签到赠送', '+0.01', '2020-07-28 15:28:52', '2020-07-28 15:28:52'),
(244, 20, '余额-矿机产出', '+1.23', '2020-07-28 15:29:54', '2020-07-28 15:29:54'),
(245, 12, '余额-签到赠送', '+0.01', '2020-07-28 23:13:24', '2020-07-28 23:13:24'),
(246, 12, '余额-矿机产出', '+0.57', '2020-07-28 23:13:30', '2020-07-28 23:13:30'),
(247, 7, '余额-签到赠送', '+0.01', '2020-07-29 00:10:52', '2020-07-29 00:10:52'),
(248, 7, '余额-矿机产出', '+0.88', '2020-07-29 00:11:03', '2020-07-29 00:11:03'),
(249, 17, '余额-签到赠送', '+0.01', '2020-07-29 03:07:24', '2020-07-29 03:07:24'),
(250, 17, '余额-矿机产出', '+0.46', '2020-07-29 03:07:28', '2020-07-29 03:07:28'),
(251, 20, '余额-签到赠送', '+0.01', '2020-07-29 15:28:23', '2020-07-29 15:28:23'),
(252, 20, '余额-矿机产出', '+0.57', '2020-07-29 15:28:32', '2020-07-29 15:28:32'),
(253, 8, '余额-签到赠送', '+0.01', '2020-07-30 00:51:22', '2020-07-30 00:51:22'),
(254, 8, '余额-矿机产出', '+2.5', '2020-07-30 00:51:34', '2020-07-30 00:51:34'),
(255, 12, '余额-签到赠送', '+0.01', '2020-07-30 01:42:48', '2020-07-30 01:42:48'),
(256, 12, '余额-矿机产出', '+0.66', '2020-07-30 01:42:52', '2020-07-30 01:42:52');

-- --------------------------------------------------------

--
-- 表的结构 `coins`
--

CREATE TABLE `coins` (
  `id` int(11) NOT NULL,
  `price` mediumint(8) UNSIGNED NOT NULL COMMENT '币价（0.01美元）',
  `created_at` date DEFAULT NULL,
  `updated_at` date DEFAULT NULL
) ENGINE=MyISAM DEFAULT CHARSET=utf8;

--
-- 转存表中的数据 `coins`
--

INSERT INTO `coins` (`id`, `price`, `created_at`, `updated_at`) VALUES
(1, 10, '2020-07-05', '2020-07-05'),
(2, 11, '2020-07-06', '2020-07-06'),
(3, 12, '2020-07-07', '2020-07-07'),
(4, 13, '2020-07-08', '2020-07-08'),
(5, 14, '2020-07-09', '2020-07-09'),
(6, 15, '2020-07-10', '2020-07-10'),
(7, 16, '2020-07-11', '2020-07-11'),
(8, 17, '2020-07-12', '2020-07-12'),
(9, 18, '2020-07-13', '2020-07-13'),
(10, 19, '2020-07-14', '2020-07-14'),
(11, 20, '2020-07-15', '2020-07-15'),
(12, 21, '2020-07-16', '2020-07-16'),
(13, 22, '2020-07-17', '2020-07-17'),
(14, 23, '2020-07-18', '2020-07-18'),
(15, 24, '2020-07-19', '2020-07-19'),
(16, 25, '2020-07-20', '2020-07-20'),
(17, 26, '2020-07-21', '2020-07-21'),
(18, 27, '2020-07-22', '2020-07-22'),
(19, 28, '2020-07-23', '2020-07-23'),
(20, 29, '2020-07-24', '2020-07-24'),
(21, 30, '2020-07-25', '2020-07-25'),
(22, 31, '2020-07-26', '2020-07-26'),
(23, 32, '2020-07-27', '2020-07-27'),
(24, 33, '2020-07-28', '2020-07-28'),
(25, 34, '2020-07-29', '2020-07-29'),
(26, 35, '2020-07-30', '2020-07-30');

-- --------------------------------------------------------

--
-- 表的结构 `failed_jobs`
--

CREATE TABLE `failed_jobs` (
  `id` bigint(20) UNSIGNED NOT NULL,
  `connection` text COLLATE utf8mb4_unicode_ci,
  `queue` text COLLATE utf8mb4_unicode_ci NOT NULL,
  `payload` longtext COLLATE utf8mb4_unicode_ci,
  `exception` longtext COLLATE utf8mb4_unicode_ci NOT NULL,
  `failed_at` timestamp NOT NULL DEFAULT CURRENT_TIMESTAMP
) ENGINE=MyISAM DEFAULT CHARSET=utf8mb4 COLLATE=utf8mb4_unicode_ci;

-- --------------------------------------------------------

--
-- 表的结构 `ideals`
--

CREATE TABLE `ideals` (
  `id` int(11) NOT NULL,
  `account` char(11) COLLATE utf8_unicode_ci NOT NULL,
  `content` varchar(200) COLLATE utf8_unicode_ci NOT NULL,
  `created_at` timestamp NOT NULL DEFAULT CURRENT_TIMESTAMP,
  `updated_at` timestamp NOT NULL DEFAULT CURRENT_TIMESTAMP
) ENGINE=InnoDB DEFAULT CHARSET=utf8 COLLATE=utf8_unicode_ci;

-- --------------------------------------------------------

--
-- 表的结构 `images`
--

CREATE TABLE `images` (
  `id` int(11) NOT NULL,
  `type` varchar(20) COLLATE utf8_unicode_ci NOT NULL,
  `src` varchar(100) COLLATE utf8_unicode_ci NOT NULL,
  `updated_at` timestamp NOT NULL DEFAULT CURRENT_TIMESTAMP,
  `created_at` timestamp NOT NULL DEFAULT CURRENT_TIMESTAMP
) ENGINE=InnoDB DEFAULT CHARSET=utf8 COLLATE=utf8_unicode_ci;

--
-- 转存表中的数据 `images`
--

INSERT INTO `images` (`id`, `type`, `src`, `updated_at`, `created_at`) VALUES
(1, 'home-index-header', 'main-slider-1.jpg', '2020-05-28 09:40:04', '2020-05-28 09:40:04'),
(2, 'home-index-header', 'main-slider-2.jpg', '2020-05-28 09:40:04', '2020-05-28 09:40:04'),
(3, 'miner', '微型云矿机.jpg', '2020-06-10 16:55:41', '2020-05-28 09:40:04'),
(4, 'miner', '小型云矿机.jpg', '2020-06-10 16:56:01', '2020-05-28 09:40:04'),
(5, 'miner', '中型云矿机.jpg', '2020-06-10 16:56:17', '2020-05-28 09:40:04'),
(6, 'miner', '大型云矿机.jpg', '2020-06-10 16:56:31', '2020-05-28 09:40:04'),
(7, 'miner', '超级云矿机.jpg', '2020-06-10 16:56:47', '2020-05-28 09:40:04');

-- --------------------------------------------------------

--
-- 表的结构 `jobs`
--

CREATE TABLE `jobs` (
  `id` bigint(20) UNSIGNED NOT NULL,
  `queue` varchar(255) COLLATE utf8mb4_unicode_ci NOT NULL,
  `payload` longtext COLLATE utf8mb4_unicode_ci NOT NULL,
  `attempts` tinyint(3) UNSIGNED NOT NULL,
  `reserved_at` int(10) UNSIGNED DEFAULT NULL,
  `available_at` int(10) UNSIGNED NOT NULL,
  `created_at` int(10) UNSIGNED NOT NULL
) ENGINE=MyISAM DEFAULT CHARSET=utf8mb4 COLLATE=utf8mb4_unicode_ci;

--
-- 转存表中的数据 `jobs`
--

INSERT INTO `jobs` (`id`, `queue`, `payload`, `attempts`, `reserved_at`, `available_at`, `created_at`) VALUES
(326, 'match', '{\"displayName\":\"App\\\\Jobs\\\\SalesMatch\",\"job\":\"Illuminate\\\\Queue\\\\CallQueuedHandler@call\",\"maxTries\":null,\"delay\":null,\"timeout\":null,\"timeoutAt\":null,\"data\":{\"commandName\":\"App\\\\Jobs\\\\SalesMatch\",\"command\":\"O:19:\\\"App\\\\Jobs\\\\SalesMatch\\\":10:{s:12:\\\"\\u0000*\\u0000salesInfo\\\";a:2:{s:11:\\\"salesNumber\\\";s:2:\\\"50\\\";s:5:\\\"price\\\";s:4:\\\"0.44\\\";}s:14:\\\"\\u0000*\\u0000salesMember\\\";O:45:\\\"Illuminate\\\\Contracts\\\\Database\\\\ModelIdentifier\\\":4:{s:5:\\\"class\\\";s:23:\\\"App\\\\Http\\\\Models\\\\Members\\\";s:2:\\\"id\\\";i:1;s:9:\\\"relations\\\";a:1:{i:0;s:5:\\\"level\\\";}s:10:\\\"connection\\\";s:5:\\\"mysql\\\";}s:6:\\\"\\u0000*\\u0000job\\\";N;s:10:\\\"connection\\\";N;s:5:\\\"queue\\\";s:5:\\\"match\\\";s:15:\\\"chainConnection\\\";N;s:10:\\\"chainQueue\\\";N;s:5:\\\"delay\\\";N;s:10:\\\"middleware\\\";a:0:{}s:7:\\\"chained\\\";a:0:{}}\"}}', 0, NULL, 1592566931, 1592566931),
(325, 'match', '{\"displayName\":\"App\\\\Jobs\\\\SalesMatch\",\"job\":\"Illuminate\\\\Queue\\\\CallQueuedHandler@call\",\"maxTries\":null,\"delay\":null,\"timeout\":null,\"timeoutAt\":null,\"data\":{\"commandName\":\"App\\\\Jobs\\\\SalesMatch\",\"command\":\"O:19:\\\"App\\\\Jobs\\\\SalesMatch\\\":10:{s:12:\\\"\\u0000*\\u0000salesInfo\\\";a:2:{s:11:\\\"salesNumber\\\";s:2:\\\"10\\\";s:5:\\\"price\\\";s:4:\\\"0.44\\\";}s:14:\\\"\\u0000*\\u0000salesMember\\\";O:45:\\\"Illuminate\\\\Contracts\\\\Database\\\\ModelIdentifier\\\":4:{s:5:\\\"class\\\";s:23:\\\"App\\\\Http\\\\Models\\\\Members\\\";s:2:\\\"id\\\";i:1;s:9:\\\"relations\\\";a:1:{i:0;s:5:\\\"level\\\";}s:10:\\\"connection\\\";s:5:\\\"mysql\\\";}s:6:\\\"\\u0000*\\u0000job\\\";N;s:10:\\\"connection\\\";N;s:5:\\\"queue\\\";s:5:\\\"match\\\";s:15:\\\"chainConnection\\\";N;s:10:\\\"chainQueue\\\";N;s:5:\\\"delay\\\";N;s:10:\\\"middleware\\\";a:0:{}s:7:\\\"chained\\\";a:0:{}}\"}}', 0, NULL, 1592566906, 1592566906),
(324, 'give', '{\"displayName\":\"App\\\\Jobs\\\\RewardMiner\",\"job\":\"Illuminate\\\\Queue\\\\CallQueuedHandler@call\",\"maxTries\":null,\"delay\":null,\"timeout\":null,\"timeoutAt\":null,\"data\":{\"commandName\":\"App\\\\Jobs\\\\RewardMiner\",\"command\":\"O:20:\\\"App\\\\Jobs\\\\RewardMiner\\\":10:{s:5:\\\"\\u0000*\\u0000id\\\";i:1;s:8:\\\"\\u0000*\\u0000level\\\";i:3;s:6:\\\"\\u0000*\\u0000job\\\";N;s:10:\\\"connection\\\";N;s:5:\\\"queue\\\";s:4:\\\"give\\\";s:15:\\\"chainConnection\\\";N;s:10:\\\"chainQueue\\\";N;s:5:\\\"delay\\\";N;s:10:\\\"middleware\\\";a:0:{}s:7:\\\"chained\\\";a:0:{}}\"}}', 0, NULL, 1592488054, 1592488054);

-- --------------------------------------------------------

--
-- 表的结构 `members`
--

CREATE TABLE `members` (
  `id` int(10) UNSIGNED NOT NULL,
  `phone` char(11) COLLATE utf8mb4_unicode_ci NOT NULL,
  `password` varchar(255) COLLATE utf8mb4_unicode_ci NOT NULL,
  `safe_password` varchar(255) COLLATE utf8mb4_unicode_ci NOT NULL,
  `invite` varchar(10) COLLATE utf8mb4_unicode_ci DEFAULT NULL COMMENT '邀请码',
  `level_id` tinyint(1) NOT NULL DEFAULT '1',
  `parentid` int(11) NOT NULL DEFAULT '0',
  `activated` tinyint(1) NOT NULL DEFAULT '0',
  `credit` tinyint(4) NOT NULL DEFAULT '100',
  `describes` varchar(200) COLLATE utf8mb4_unicode_ci DEFAULT NULL,
  `created_at` timestamp NULL DEFAULT CURRENT_TIMESTAMP,
  `updated_at` timestamp NULL DEFAULT NULL
) ENGINE=MyISAM DEFAULT CHARSET=utf8mb4 COLLATE=utf8mb4_unicode_ci;

--
-- 转存表中的数据 `members`
--

INSERT INTO `members` (`id`, `phone`, `password`, `safe_password`, `invite`, `level_id`, `parentid`, `activated`, `credit`, `describes`, `created_at`, `updated_at`) VALUES
(1, '15570708089', '$2y$10$4khTr3vlF5Qw.Iq0Fe.j0ekKDAisKzXot8EwRcc0jpyOpFw.SjpQO', '$2y$10$GrZV.cal012QoY0fM.8smOfb9A29Ywrby4MJ2Z9T1dgJYvM2p1fSS', 'EHerc8Sh7', 3, 0, 3, 100, NULL, '2019-12-19 09:54:46', '2020-06-19 17:44:06'),
(6, '13048814716', '$2y$10$Z03uw/f/gXs0QA3xod81aOeqb060vMU3kJeXDwQxz1/Q4ZgCh879y', '$2y$10$PZAruhpgrheJkDlyf9nAX.p4l2pDgEwkIaWY9iutagVnXsdaTsCEy', 'J3NeE5iY7', 3, 1, 0, 100, NULL, '2020-06-12 15:51:06', '2020-07-28 11:53:47'),
(7, '18897689238', '$2y$10$GePPLZbZaxYpDDbDGCkVa.c4wOgQagXo/UU1U8iGW5QrG3aXtv3R.', '$2y$10$45Dz2JFWivlI6aapRBkB6ODrq4PITk7wqkpNGMtboyKnBdooWBfiK', 'DWC7eivdi', 1, 6, 0, 100, NULL, '2020-07-06 01:18:18', '2020-07-29 00:10:45'),
(8, '15670945899', '$2y$10$Hg18n2WckvsO30brJl9w/O5LokkE4aaxcOXUPyuaDZaG9g0F3J3sO', '$2y$10$.X0ffX4rwt1pMBIJqNGT6OtWwhdf1D3IjuGD6DSzHYCz8aarbOJvW', 'i7mFoATaw', 1, 6, 0, 100, NULL, '2020-07-07 13:24:15', '2020-07-30 00:51:20'),
(9, '15574581720', '$2y$10$h0OstN/kMXRD8fdyTc59ju.UY3ywFkObnvQupsAgaozLuxnWi2fjq', '$2y$10$4derAXzoEbciXll4y.DeROZrutg7SSBhv6tSarQFoIsjYj/NIjsma', '7YiFwmrBK', 1, 6, 0, 100, NULL, '2020-07-07 13:33:43', '2020-07-07 13:34:52'),
(10, '17681218039', '$2y$10$U4JP.e3vr/SLWtuOSbSy9.K4QCDCHqto5xsxQG/oWv2mLUmqTV2hG', '$2y$10$PNWDbbFg/YYlxhbqy0gVhOuJgYo4/ulv4lcvKArU.a0y3QnaNXo6G', 'HIFXa7sXi', 1, 6, 0, 100, NULL, '2020-07-07 16:32:43', '2020-07-07 16:36:33'),
(11, '18275824170', '$2y$10$sxRQ4a5cZSGwg/e2M4KBmO5keO95IkpKzAeSA4WKlf7QdqcQKCPbq', '$2y$10$t8OH2cDCoHebukg7nDSVs.Emzz.vT11o6ZW6HvdjHlH3RXgd.z06m', 'ci7FLfyKy', 1, 6, 0, 100, NULL, '2020-07-07 17:04:16', '2020-07-08 03:49:49'),
(12, '13437781213', '$2y$10$IdJjdQc..E9Q.hlvsnD./eBXqruRXsOs0HPKeqRsiGpkO/df7GxfW', '$2y$10$naBavF61NImZ.KcUzPTE7.rMuW6oMa7cIh/4.ivddQoy0vMpfcKEm', 'Qi7TGVqjB', 1, 6, 0, 100, NULL, '2020-07-08 01:53:31', '2020-07-30 01:42:37'),
(13, '13451079579', '$2y$10$Wn9OYd2CWfpt3m3LqQHciODJaJIy8y55neJvYz/PEuUiCA1lzbnoO', '$2y$10$Ph./cnAI6nUm.kAZKPo/ReXvc6rFep5qL5Wmqaf4zE/VuIvJ0BVgW', 'maFG0diL7', 1, 6, 0, 100, NULL, '2020-07-08 02:44:31', '2020-07-13 06:18:02'),
(14, '15970888375', '$2y$10$9Hc0LglxZ3eQ.Ycev1988e6lzwciZGNQaGioSHbzuGQ9I/gKIE4Ya', '$2y$10$7AnypEakP1A1Tn..QjwVNOuebhCXZA62VdPhziVpRcQLBwTO/9Yf.', '9Wf7G3iwO', 1, 6, 0, 100, NULL, '2020-07-08 09:41:06', '2020-07-08 12:09:32'),
(15, '13367959362', '$2y$10$o00mEUIh5VDtEMoGEl0VPuB0.PutBLZxAUek9h0I4IZNplQ41JBMu', '$2y$10$LLh0hlYiJAlyyYDCaf62suUiYLgo.ZAPkgfM42Yug28RI4kOKAjZq', 'SRt7HYi6d', 1, 13, 0, 100, NULL, '2020-07-09 02:35:24', '2020-07-09 02:42:50'),
(16, '17035270146', '$2y$10$qgEUVZE72CDS569dDLogcOUk1LvRUdZ81sdmFQdUCpUaXyIg2VR1G', '$2y$10$cJDm2A69P17FIH6xYmzzFO2H2Kys.gFwnqNVM.0C3CwM7t/3qub6m', 'oigU7IssN', 1, 14, 0, 100, NULL, '2020-07-09 11:49:55', '2020-07-09 11:49:55'),
(17, '15076725794', '$2y$10$rZzIzuwIQlCazY5L61aKbOe5B1mvMef42GgEGPl7SmWGqbNqCdTuS', '$2y$10$lAHhLoaCb81ZudSmWZRl7uqpsji2kIm6.5.d9.6VNFO5kqrJctWMK', 'id7m37JDu', 1, 6, 0, 100, NULL, '2020-07-10 06:19:50', '2020-07-29 03:07:18'),
(18, '15166706658', '$2y$10$5IXzOS2rQLL2eltd3t7K0O3uLmgEBio.vDZTNsGBj8NRLLqK4KbGu', '$2y$10$uRtTzigzltzhBs2vLEGNruBf0s8Rfcp8HtpGE2U2ZRn1K2lBBafq.', 'PF7MippLb', 1, 6, 0, 100, NULL, '2020-07-11 14:28:54', '2020-07-11 14:34:35'),
(19, '15134320685', '$2y$10$o7UdE7QdRgztFBEJAQD1j.Dp3BCUP.c57uorwSMVEpdS7gJVPoeFS', '$2y$10$tNz5vwp2bkpJzyRBmkb91usYmv3liETadahklYkjP3zbriO/VYj16', '7a1vNMkJi', 1, 6, 0, 100, NULL, '2020-07-11 22:10:01', '2020-07-11 22:10:29'),
(20, '18863791153', '$2y$10$1./xpWb9u1ldRgU7Eu.iHOXRpQ5QrX4POfQ9h5lvK79wm8buoSPke', '$2y$10$OdqI44giHMj.aup8jZDWYO8L9ecvCn9Bs5ZxJogje5h752mL9MHYW', 'IiVMST77Y', 1, 6, 0, 100, NULL, '2020-07-12 09:51:29', '2020-07-29 15:28:11'),
(21, '18133727368', '$2y$10$uNlBe9EMmhejKToTqBA1keXP2ZZZDlwM01nH1d0Qlb4rotrEfGq1i', '$2y$10$dN6WvAzWci8pwnfAAUKfW.dUKGtwx0Gp5uwFnFiCJeBtmwnMBrEO2', 'iUP7Ky8Sv', 1, 6, 0, 100, NULL, '2020-07-17 15:00:30', '2020-07-20 10:52:23'),
(22, '13626969596', '$2y$10$HVnxOSw6rO7I7ktB1rVWLO9mn9I3M3YGEQ7EdOlol1Bs34Mf0uwc2', '$2y$10$rOWGBpMVukW4H4clKF/gAeT/C9yjgqdrNzam9pOAG1qHQM8CSe5JK', 'c7tWkjl10', 1, 6, 0, 100, NULL, '2020-07-22 07:02:35', '2020-07-22 07:04:15');

-- --------------------------------------------------------

--
-- 表的结构 `member_levels`
--

CREATE TABLE `member_levels` (
  `id` tinyint(1) NOT NULL,
  `level_name` char(4) NOT NULL,
  `sales_times` smallint(6) NOT NULL COMMENT '当天卖出次数',
  `created_at` timestamp NOT NULL DEFAULT CURRENT_TIMESTAMP,
  `updated_at` timestamp NULL DEFAULT NULL
) ENGINE=MyISAM DEFAULT CHARSET=utf8;

--
-- 转存表中的数据 `member_levels`
--

INSERT INTO `member_levels` (`id`, `level_name`, `sales_times`, `created_at`, `updated_at`) VALUES
(1, '一级会员', 1, '2019-11-18 14:59:16', NULL),
(2, '二级会员', 1, '2019-11-18 15:00:11', NULL),
(3, '三级会员', 2, '2019-11-18 14:59:16', NULL),
(4, '四级会员', 5, '2019-11-18 15:00:11', '2020-05-23 09:56:43'),
(5, '五级会员', 999, '2019-11-18 15:00:11', '2020-01-04 10:40:23');

-- --------------------------------------------------------

--
-- 表的结构 `miners`
--

CREATE TABLE `miners` (
  `id` int(11) NOT NULL,
  `tittle` varchar(6) NOT NULL,
  `coin_number` float(8,2) NOT NULL COMMENT '矿机价格',
  `runtime` mediumint(9) NOT NULL COMMENT '运行周期',
  `nph` float(11,8) NOT NULL COMMENT '每小时产量',
  `total_dig` float(8,2) NOT NULL COMMENT '总产量',
  `hashrate` float(8,2) NOT NULL COMMENT '算力',
  `miner_img` varchar(50) DEFAULT NULL,
  `rent_max` smallint(6) NOT NULL DEFAULT '0' COMMENT '最大租用数量',
  `created_at` timestamp NOT NULL DEFAULT CURRENT_TIMESTAMP,
  `updated_at` timestamp NULL DEFAULT NULL
) ENGINE=MyISAM DEFAULT CHARSET=utf8;

--
-- 转存表中的数据 `miners`
--

INSERT INTO `miners` (`id`, `tittle`, `coin_number`, `runtime`, `nph`, `total_dig`, `hashrate`, `miner_img`, `rent_max`, `created_at`, `updated_at`) VALUES
(1, '微型云矿机', 5.00, 720, 0.00833333, 6.00, 0.10, 'img/微型云矿机.jpg', 10, '2019-11-21 14:43:30', '2020-06-03 08:04:40'),
(2, '小型云矿机', 20.00, 1200, 0.02000000, 24.00, 1.00, 'img/小型云矿机.jpg', 10, '2019-11-21 14:43:30', '2020-06-03 08:04:47'),
(3, '中型云矿机', 200.00, 1680, 0.14285713, 240.00, 10.00, 'img/中型云矿机.jpg', 5, '2019-11-21 14:43:30', '2020-06-03 08:04:54'),
(4, '大型云矿机', 2000.00, 2160, 1.11111116, 2400.00, 100.00, 'img/大型云矿机.jpg', 2, '2019-11-21 14:43:30', '2020-06-03 08:05:02'),
(5, '超级云矿机', 20000.00, 2640, 9.09090900, 24000.00, 1000.00, 'img/超级云矿机.jpg', 1, '2019-11-21 14:43:30', '2020-06-03 08:05:10');

-- --------------------------------------------------------

--
-- 表的结构 `my_miners`
--

CREATE TABLE `my_miners` (
  `id` int(11) NOT NULL,
  `miner_id` int(11) NOT NULL,
  `member_id` int(11) NOT NULL,
  `miner_tittle` varchar(6) NOT NULL,
  `total_dig` float(8,2) NOT NULL COMMENT '总产量',
  `dug` float(8,2) NOT NULL DEFAULT '0.00' COMMENT '已产出数量',
  `nph` float(11,8) NOT NULL COMMENT '每小时产出数量',
  `runtime` mediumint(9) NOT NULL COMMENT '运行周期',
  `hashrate` float(8,2) NOT NULL DEFAULT '0.00' COMMENT '算力',
  `run_status` tinyint(1) NOT NULL DEFAULT '0' COMMENT '0.运行中;1.已结束',
  `created_at` timestamp NOT NULL DEFAULT CURRENT_TIMESTAMP,
  `updated_at` timestamp NULL DEFAULT NULL
) ENGINE=MyISAM DEFAULT CHARSET=utf8;

--
-- 转存表中的数据 `my_miners`
--

INSERT INTO `my_miners` (`id`, `miner_id`, `member_id`, `miner_tittle`, `total_dig`, `dug`, `nph`, `runtime`, `hashrate`, `run_status`, `created_at`, `updated_at`) VALUES
(165, 2, 6, '小型云矿机', 24.00, 16.84, 0.02000000, 1200, 1.00, 0, '2020-06-19 17:09:38', '2020-07-25 02:35:02'),
(164, 2, 6, '小型云矿机', 24.00, 16.84, 0.02000000, 1200, 1.00, 0, '2020-06-19 17:09:35', '2020-07-25 02:35:02'),
(163, 2, 6, '小型云矿机', 24.00, 16.84, 0.02000000, 1200, 1.00, 0, '2020-06-19 17:09:32', '2020-07-25 02:35:02'),
(162, 3, 6, '中型云矿机', 240.00, 120.29, 0.14285713, 1680, 10.00, 0, '2020-06-19 17:09:20', '2020-07-25 02:35:02'),
(161, 1, 6, '微型云矿机', 6.00, 6.00, 0.00833333, 720, 0.10, 1, '2020-06-19 17:09:09', '2020-07-22 07:46:05'),
(160, 1, 1, '微型云矿机', 6.00, 0.00, 0.00833333, 720, 0.10, 1, '2020-06-19 16:34:10', '2020-06-19 17:46:00'),
(159, 1, 6, '微型云矿机', 6.00, 6.00, 0.00833333, 720, 0.10, 1, '2020-06-19 15:23:01', '2020-07-22 07:46:05'),
(158, 1, 6, '微型云矿机', 6.00, 6.00, 0.00833333, 720, 0.10, 1, '2020-06-19 15:16:27', '2020-07-22 07:46:05'),
(157, 1, 6, '微型云矿机', 6.00, 6.00, 0.00833333, 720, 0.10, 1, '2020-06-19 15:14:43', '2020-07-22 07:46:05'),
(156, 1, 6, '微型云矿机', 6.00, 6.00, 0.00833333, 720, 0.10, 1, '2020-06-19 15:14:31', '2020-07-22 07:46:05'),
(155, 1, 6, '微型云矿机', 6.00, 6.00, 0.00833333, 720, 0.10, 1, '2020-06-19 15:12:02', '2020-07-22 07:46:05'),
(154, 1, 6, '微型云矿机', 6.00, 6.00, 0.00833333, 720, 0.10, 1, '2020-06-19 15:07:50', '2020-07-22 07:46:05'),
(153, 1, 6, '微型云矿机', 6.00, 6.00, 0.00833333, 720, 0.10, 1, '2020-06-19 14:58:36', '2020-07-22 07:46:05'),
(152, 3, 6, '中型云矿机', 240.00, 120.71, 0.14285713, 1680, 10.00, 0, '2020-06-19 14:25:37', '2020-07-25 02:35:02'),
(151, 1, 6, '微型云矿机', 6.00, 6.00, 0.00833333, 720, 0.10, 1, '2020-06-16 13:00:41', '2020-07-17 14:02:34'),
(150, 1, 6, '微型云矿机', 6.00, 6.00, 0.00833333, 720, 0.10, 1, '2020-06-16 13:00:41', '2020-07-17 14:02:34'),
(143, 3, 1, '中型云矿机', 240.00, 10.15, 0.14285713, 1680, 10.00, 1, '2020-06-09 14:07:35', '2020-06-19 17:46:02'),
(142, 2, 1, '小型云矿机', 24.00, 1.42, 0.02000000, 1200, 1.00, 1, '2020-06-09 14:02:56', '2020-06-19 17:46:04'),
(141, 2, 1, '小型云矿机', 24.00, 1.42, 0.02000000, 1200, 1.00, 1, '2020-06-09 14:02:56', '2020-06-19 17:46:06'),
(137, 2, 1, '小型云矿机', 24.00, 1.54, 0.02000000, 1200, 1.00, 1, '2020-06-09 07:21:12', '2020-06-19 17:46:08'),
(138, 3, 1, '中型云矿机', 240.00, 10.15, 0.14285713, 1680, 10.00, 1, '2020-06-09 12:59:10', '2020-06-19 17:46:10'),
(139, 1, 1, '微型云矿机', 6.00, 0.59, 0.00833333, 720, 0.10, 1, '2020-06-09 13:22:12', '2020-06-19 17:46:12'),
(140, 3, 1, '中型云矿机', 240.00, 10.15, 0.14285713, 1680, 10.00, 1, '2020-06-09 13:42:14', '2020-06-19 17:46:14'),
(166, 1, 7, '微型云矿机', 6.00, 4.40, 0.00833333, 720, 0.10, 0, '2020-07-06 09:34:50', '2020-07-29 00:11:03'),
(167, 1, 7, '微型云矿机', 6.00, 4.40, 0.00833333, 720, 0.10, 0, '2020-07-06 09:34:50', '2020-07-29 00:11:03'),
(168, 1, 7, '微型云矿机', 6.00, 4.40, 0.00833333, 720, 0.10, 0, '2020-07-06 09:34:50', '2020-07-29 00:11:03'),
(170, 1, 8, '微型云矿机', 6.00, 4.44, 0.00833333, 720, 0.10, 0, '2020-07-07 14:21:17', '2020-07-30 00:51:34'),
(171, 1, 8, '微型云矿机', 6.00, 4.44, 0.00833333, 720, 0.10, 0, '2020-07-07 14:21:17', '2020-07-30 00:51:34'),
(172, 1, 12, '微型云矿机', 6.00, 4.31, 0.00833333, 720, 0.10, 0, '2020-07-08 03:02:24', '2020-07-30 01:42:52'),
(173, 1, 12, '微型云矿机', 6.00, 4.31, 0.00833333, 720, 0.10, 0, '2020-07-08 03:02:24', '2020-07-30 01:42:52'),
(174, 1, 14, '微型云矿机', 6.00, 0.01, 0.00833333, 720, 0.10, 2, '2020-07-08 10:31:08', '2020-07-26 08:49:32'),
(175, 1, 14, '微型云矿机', 6.00, 0.01, 0.00833333, 720, 0.10, 2, '2020-07-08 10:31:08', '2020-07-26 08:49:32'),
(176, 1, 13, '微型云矿机', 6.00, 0.94, 0.00833333, 720, 0.10, 0, '2020-07-08 10:31:11', '2020-07-13 06:18:10'),
(177, 1, 13, '微型云矿机', 6.00, 0.94, 0.00833333, 720, 0.10, 0, '2020-07-08 10:31:11', '2020-07-13 06:18:10'),
(178, 1, 20, '微型云矿机', 6.00, 3.37, 0.00833333, 720, 0.10, 0, '2020-07-12 11:17:23', '2020-07-29 15:28:32'),
(179, 1, 20, '微型云矿机', 6.00, 3.37, 0.00833333, 720, 0.10, 0, '2020-07-12 11:17:23', '2020-07-29 15:28:32'),
(180, 1, 6, '微型云矿机', 6.00, 2.48, 0.00833333, 720, 0.10, 0, '2020-07-12 12:21:23', '2020-07-25 02:35:02'),
(181, 1, 17, '微型云矿机', 6.00, 2.37, 0.00833333, 720, 0.10, 0, '2020-07-17 01:04:21', '2020-07-29 03:07:28'),
(182, 1, 17, '微型云矿机', 6.00, 2.37, 0.00833333, 720, 0.10, 0, '2020-07-17 01:04:21', '2020-07-29 03:07:28'),
(183, 1, 21, '微型云矿机', 6.00, 0.34, 0.00833333, 720, 0.10, 0, '2020-07-18 16:17:51', '2020-07-20 10:01:31'),
(184, 1, 21, '微型云矿机', 6.00, 0.34, 0.00833333, 720, 0.10, 0, '2020-07-18 16:17:51', '2020-07-20 10:01:31'),
(185, 1, 7, '微型云矿机', 6.00, 1.73, 0.00833333, 720, 0.10, 0, '2020-07-20 02:12:00', '2020-07-29 00:11:03'),
(186, 1, 12, '微型云矿机', 6.00, 1.36, 0.00833333, 720, 0.10, 0, '2020-07-23 02:58:32', '2020-07-30 01:42:52'),
(187, 1, 22, '微型云矿机', 6.00, 0.00, 0.00833333, 720, 0.10, 0, '2020-07-24 03:14:11', '2020-07-24 03:14:11'),
(188, 1, 22, '微型云矿机', 6.00, 0.00, 0.00833333, 720, 0.10, 0, '2020-07-24 03:14:11', '2020-07-24 03:14:11'),
(189, 1, 20, '微型云矿机', 6.00, 0.83, 0.00833333, 720, 0.10, 0, '2020-07-25 09:44:46', '2020-07-29 15:28:32');

-- --------------------------------------------------------

--
-- 表的结构 `orders`
--

CREATE TABLE `orders` (
  `id` int(11) NOT NULL,
  `order_id` varchar(20) NOT NULL,
  `buy_member_id` int(11) NOT NULL COMMENT '购买方',
  `sales_member_id` int(11) DEFAULT NULL COMMENT '出售方',
  `buy_member_phone` char(11) NOT NULL,
  `sales_member_phone` char(11) NOT NULL,
  `trade_number` mediumint(9) NOT NULL COMMENT '交易数量',
  `trade_price` int(11) NOT NULL COMMENT '单价(0.01$)',
  `trade_total_money` int(11) NOT NULL COMMENT '交易总额(0.01$)',
  `payment_img` varchar(100) DEFAULT NULL,
  `trade_status` tinyint(1) NOT NULL DEFAULT '1' COMMENT '2.交易完成;0.待支付;1.待确认',
  `describes` varchar(10) NOT NULL DEFAULT '无' COMMENT '备注',
  `created_at` timestamp NOT NULL DEFAULT CURRENT_TIMESTAMP,
  `updated_at` timestamp NULL DEFAULT NULL
) ENGINE=MyISAM DEFAULT CHARSET=utf8;

--
-- 转存表中的数据 `orders`
--

INSERT INTO `orders` (`id`, `order_id`, `buy_member_id`, `sales_member_id`, `buy_member_phone`, `sales_member_phone`, `trade_number`, `trade_price`, `trade_total_money`, `payment_img`, `trade_status`, `describes`, `created_at`, `updated_at`) VALUES
(61, 'HT1592485826089', 6, 1, '13048814716', '15570708089', 50, 43, 2150, NULL, 3, '投诉假图', '2020-06-18 13:10:26', '2020-06-18 15:13:03'),
(62, 'HT1592493726089', 6, 1, '13048814716', '15570708089', 100, 43, 4300, '/payImg/SBpfE5U4WfDhi8ChjvZ5hgUi4LitkpR1dZv0CPW2.jpeg', 2, '无', '2020-06-18 15:22:06', '2020-06-18 15:34:19'),
(63, 'HT1592503120089', 6, 1, '13048814716', '15570708089', 100, 44, 4400, '/payImg/Y671uGH1CvTqiOUZ4CV5iHHgTWCF32uuHrbIupK9.png', 2, '无', '2020-06-18 17:58:40', '2020-06-18 17:59:25'),
(64, 'HT1592568517089', 6, 1, '13048814716', '15570708089', 10, 44, 440, NULL, 3, '无', '2020-06-19 12:08:37', '2020-06-19 14:08:50');

-- --------------------------------------------------------

--
-- 表的结构 `permissions`
--

CREATE TABLE `permissions` (
  `id` int(11) NOT NULL,
  `tittle` varchar(20) NOT NULL,
  `url` varchar(50) NOT NULL,
  `pid` smallint(6) NOT NULL,
  `created_at` timestamp NOT NULL DEFAULT CURRENT_TIMESTAMP,
  `updated_at` timestamp NULL DEFAULT NULL
) ENGINE=MyISAM DEFAULT CHARSET=utf8;

--
-- 转存表中的数据 `permissions`
--

INSERT INTO `permissions` (`id`, `tittle`, `url`, `pid`, `created_at`, `updated_at`) VALUES
(38, '编辑', 'admin/adminPermissionEdit', 36, '2019-12-26 12:16:21', '2019-12-26 16:41:27'),
(39, '删除', 'admin/adminPermissionDel', 36, '2019-12-26 12:16:54', '2019-12-26 16:41:33'),
(34, '编辑', 'admin/adminRoleEdit', 32, '2019-12-26 12:13:37', '2019-12-26 16:45:02'),
(35, '删除', 'admin/adminRoleDel', 32, '2019-12-26 12:14:35', '2019-12-26 16:45:07'),
(36, '权限管理', 'admin/adminPermission', 0, '2019-12-26 12:15:17', '2019-12-26 12:15:17'),
(37, '添加', 'admin/adminPermissionAdd', 36, '2019-12-26 12:15:38', '2019-12-26 16:41:39'),
(33, '添加', 'admin/adminRoleAdd', 32, '2019-12-26 12:13:11', '2019-12-26 16:45:13'),
(29, '添加', 'admin/adminAdd', 28, '2019-12-26 12:11:18', '2019-12-26 16:45:25'),
(30, '编辑', 'admin/adminEdit', 28, '2019-12-26 12:11:40', '2019-12-26 16:45:30'),
(31, '删除', 'admin/adminDel', 28, '2019-12-26 12:12:02', '2019-12-26 16:45:37'),
(32, '角色管理', 'admin/adminRole', 0, '2019-12-26 12:12:43', '2019-12-26 12:12:43'),
(28, '管理员列表', 'admin/adminList', 0, '2019-12-26 12:10:58', '2019-12-26 12:10:58'),
(40, '系统日志', 'admin/systemLog', 0, '2019-12-26 17:32:42', '2019-12-26 17:32:42'),
(47, '系统公告', 'admin/systemNotice', 0, '2020-01-03 10:43:00', '2020-01-03 10:43:00'),
(46, '删除', 'admin/systemLogDestroy', 40, '2020-01-03 10:41:09', '2020-05-30 11:15:18'),
(48, '添加', 'admin/systemNoticeAdd', 47, '2020-01-03 10:43:27', '2020-01-03 10:43:27'),
(49, '编辑', 'admin/systemNoticeEdit', 47, '2020-01-03 10:43:50', '2020-01-03 10:43:50'),
(50, '删除', 'admin/systemNoticeDel', 47, '2020-01-03 10:44:10', '2020-01-03 10:44:10'),
(51, '系统设置', 'admin/systemSetting', 0, '2020-01-03 10:45:03', '2020-01-03 10:45:03'),
(52, '基本设置', 'admin/systemSettingEdit', 51, '2020-01-03 11:20:50', '2020-03-20 08:13:58'),
(89, '冻结资产', 'admin/memberAssetsBlockEdit', 64, '2020-05-30 11:19:33', '2020-05-30 11:19:33'),
(55, '会员列表', 'admin/memberList', 0, '2020-01-03 16:59:04', '2020-01-03 16:59:04'),
(56, '编辑', 'admin/memberEdit', 55, '2020-01-03 17:00:00', '2020-01-03 17:00:00'),
(57, '删除', 'admin/memberDel', 55, '2020-01-03 17:00:24', '2020-01-03 17:00:24'),
(90, '删除', 'admin/memberAssetsDel', 64, '2020-05-30 11:20:52', '2020-05-30 11:20:52'),
(59, '会员等级管理', 'admin/memberLevel', 0, '2020-01-04 10:43:40', '2020-01-04 10:43:40'),
(60, '添加', 'admin/memberLevelAdd', 59, '2020-01-04 10:44:01', '2020-01-04 10:44:01'),
(61, '编辑', 'admin/memberLevelEdit', 59, '2020-01-04 10:44:27', '2020-01-04 10:44:27'),
(62, '删除', 'admin/memberLevelDel', 59, '2020-01-04 10:45:01', '2020-01-04 10:45:01'),
(63, '会员团队管理', 'admin/memberTeam', 0, '2020-01-04 13:50:12', '2020-03-20 07:52:17'),
(64, '会员资产管理', 'admin/memberAssets', 0, '2020-01-04 13:50:34', '2020-03-20 07:52:25'),
(65, '充值', 'admin/memberAssetsRechargeEdit', 64, '2020-01-04 13:51:41', '2020-01-04 13:51:41'),
(66, '会员实名认证', 'admin/memberRealName', 0, '2020-03-20 07:54:57', '2020-05-30 11:21:46'),
(67, '审核', 'admin/memberRealNameCheckEdit', 66, '2020-03-20 07:56:19', '2020-05-30 11:22:13'),
(68, '会员账单', 'admin/memberBill', 0, '2020-03-20 07:57:39', '2020-05-30 11:24:10'),
(69, '删除', 'admin/memberBillDestroy', 68, '2020-03-20 07:58:10', '2020-05-30 12:26:27'),
(70, '会员矿机管理', 'admin/memberMiner', 0, '2020-03-20 08:02:15', '2020-03-20 08:02:15'),
(71, '赠送矿机', 'admin/memberMinerAdd', 70, '2020-03-20 08:02:41', '2020-05-30 11:26:21'),
(72, '矿机控制', 'admin/memberMinerStop', 70, '2020-03-20 08:04:32', '2020-05-30 11:27:40'),
(73, '删除', 'admin/memberMinerDel', 70, '2020-03-20 08:04:47', '2020-03-20 08:04:47'),
(74, '系统矿机列表', 'admin/minerList', 0, '2020-03-20 08:05:31', '2020-03-20 08:33:53'),
(75, '添加', 'admin/minerAdd', 74, '2020-03-20 08:06:02', '2020-03-20 08:06:02'),
(76, '编辑', 'admin/minerEdit', 74, '2020-03-20 08:06:16', '2020-03-20 08:06:16'),
(77, '删除', 'admin/minerDel', 74, '2020-03-20 08:06:28', '2020-03-20 08:06:38'),
(78, '交易买入管理', 'admin/tradeBuyList', 0, '2020-03-20 08:07:47', '2020-05-30 12:17:17'),
(79, '删除', 'admin/tradeBuyDestroy', 78, '2020-03-20 08:08:55', '2020-05-30 12:20:58'),
(81, '交易卖出管理', 'admin/tradeSalesList', 0, '2020-03-20 08:09:54', '2020-05-30 12:21:53'),
(82, '删除', 'admin/tradeSalesDestroy', 81, '2020-03-20 08:10:07', '2020-05-30 12:22:14'),
(84, '交易订单', 'admin/tradeOrder', 0, '2020-03-20 08:10:59', '2020-05-30 12:23:05'),
(85, '取消交易', 'admin/tradeOrderCancelEdit', 84, '2020-03-20 08:11:28', '2020-05-30 12:23:36'),
(86, '高级设置', 'admin/systemAdvancedSetting', 51, '2020-03-20 08:14:35', '2020-05-30 11:17:01'),
(87, '添加', 'admin/tradeBuyAdd', 78, '2020-03-20 10:19:55', '2020-05-30 12:19:53'),
(91, '编辑', 'admin/memberRealNameEdit', 66, '2020-05-30 11:22:42', '2020-05-30 11:22:42'),
(92, '删除', 'admin/memberRealNameDel', 66, '2020-05-30 11:23:09', '2020-05-30 11:23:09'),
(93, '图片管理', 'admin/imageList', 0, '2020-05-30 11:28:32', '2020-05-30 11:28:32'),
(94, '添加', 'admin/imageAdd', 93, '2020-05-30 11:29:01', '2020-05-30 11:29:01'),
(95, '编辑', 'admin/imageEdit', 93, '2020-05-30 12:15:39', '2020-05-30 12:15:39'),
(96, '删除', 'admin/imageDel', 93, '2020-05-30 12:15:58', '2020-05-30 12:15:58'),
(97, '币价列表', 'admin/coinList', 0, '2020-07-05 08:25:06', '2020-07-05 08:25:06'),
(98, '添加', 'admin/coinAdd', 97, '2020-07-05 08:25:30', '2020-07-05 08:25:30'),
(99, '修改', 'admin/coinEdit', 97, '2020-07-05 08:25:50', '2020-07-05 08:26:19'),
(100, '删除', 'admin/coinDestroy', 97, '2020-07-05 08:26:08', '2020-07-05 08:26:08');

-- --------------------------------------------------------

--
-- 表的结构 `phone_tmps`
--

CREATE TABLE `phone_tmps` (
  `id` int(11) NOT NULL,
  `phone` char(11) NOT NULL,
  `code` varchar(6) NOT NULL,
  `captcha_status` tinyint(1) NOT NULL DEFAULT '0' COMMENT '0.未验证;1.已验证',
  `created_at` timestamp NOT NULL DEFAULT CURRENT_TIMESTAMP,
  `updated_at` timestamp NULL DEFAULT NULL
) ENGINE=MyISAM DEFAULT CHARSET=utf8;

--
-- 转存表中的数据 `phone_tmps`
--

INSERT INTO `phone_tmps` (`id`, `phone`, `code`, `captcha_status`, `created_at`, `updated_at`) VALUES
(1, '15570708089', '401544', 1, '2019-12-19 09:50:05', '2019-12-19 09:54:46'),
(2, '13048814716', '9179', 0, '2020-06-12 15:50:24', '2020-07-06 01:28:53'),
(3, '18897689238', '7139', 0, '2020-07-03 03:18:35', '2020-07-06 01:31:24'),
(4, '15670945899', '5357', 0, '2020-07-07 13:23:55', '2020-07-07 13:23:55'),
(5, '15574581720', '1193', 0, '2020-07-07 13:32:49', '2020-07-07 13:32:49'),
(6, '17681218039', '9169', 0, '2020-07-07 16:32:36', '2020-07-07 16:32:36'),
(7, '18275824170', '2717', 0, '2020-07-07 17:03:43', '2020-07-07 17:03:43'),
(8, '13437781213', '7193', 0, '2020-07-08 01:53:04', '2020-07-08 01:53:04'),
(9, '13451079579', '6533', 0, '2020-07-08 02:44:17', '2020-07-08 02:44:17'),
(10, '15970888375', '9801', 0, '2020-07-08 09:40:54', '2020-07-08 09:40:54'),
(11, '15370727218', '2181', 0, '2020-07-08 12:33:35', '2020-07-08 12:33:35'),
(12, '13367959362', '9783', 0, '2020-07-09 02:34:13', '2020-07-09 02:34:13'),
(13, '17035270146', '4308', 0, '2020-07-09 11:49:14', '2020-07-09 11:49:14'),
(14, '15076725794', '2477', 0, '2020-07-10 06:13:13', '2020-07-10 06:19:37'),
(15, '15166706658', '3359', 0, '2020-07-11 14:27:46', '2020-07-11 14:27:46'),
(16, '15134320685', '9822', 0, '2020-07-11 22:06:37', '2020-07-11 22:06:37'),
(17, '18863791153', '4967', 0, '2020-07-12 09:50:29', '2020-07-12 09:50:29'),
(18, '18133727368', '3861', 0, '2020-07-17 15:00:11', '2020-07-17 15:00:11'),
(19, '13626969596', '4668', 0, '2020-07-22 07:01:58', '2020-07-22 07:01:58');

-- --------------------------------------------------------

--
-- 表的结构 `real_name_auths`
--

CREATE TABLE `real_name_auths` (
  `id` int(11) NOT NULL,
  `member_id` int(11) NOT NULL,
  `name` varchar(20) NOT NULL,
  `idcard` varchar(18) NOT NULL,
  `weixin` varchar(20) NOT NULL,
  `bank_name` varchar(30) DEFAULT NULL,
  `bank_card` varchar(25) DEFAULT NULL,
  `alipay` varchar(30) NOT NULL,
  `idcard_front_img` varchar(100) NOT NULL COMMENT '身份证正面',
  `idcard_back_img` varchar(100) NOT NULL COMMENT '身份证背面',
  `auth_status` tinyint(1) NOT NULL COMMENT '1,已认证，0.未认证，3.审核中，2.审核未通过',
  `describes` varchar(200) DEFAULT NULL,
  `created_at` timestamp NOT NULL DEFAULT CURRENT_TIMESTAMP,
  `updated_at` timestamp NULL DEFAULT NULL
) ENGINE=MyISAM DEFAULT CHARSET=utf8;

--
-- 转存表中的数据 `real_name_auths`
--

INSERT INTO `real_name_auths` (`id`, `member_id`, `name`, `idcard`, `weixin`, `bank_name`, `bank_card`, `alipay`, `idcard_front_img`, `idcard_back_img`, `auth_status`, `describes`, `created_at`, `updated_at`) VALUES
(1, 1, 'heshi', '431124199311270770', '15570708089', '深圳市', '123456789', '15570708089', '/idcardImg/1591092171431124199311270779front.jpg', '/idcardImg/1591712374431124199311270779back.jpg', 1, NULL, '2019-12-19 10:26:10', '2020-06-09 14:27:37'),
(2, 6, '何仕', '431124199311270779', 'he666', '', '', '13048814716', '/idcardImg/431124199311270779front.jpg', '/idcardImg/431124199311270779back.jpg', 1, NULL, '2020-06-16 07:59:17', '2020-06-16 13:00:41'),
(3, 7, '刘丽丽', '450703198510126947', '18897689238', '', '', '18897689238', '/idcardImg/450703198510126947front.jpg', '/idcardImg/450703198510126947back.jpg', 1, NULL, '2020-07-06 09:32:24', '2020-07-06 09:34:50'),
(4, 8, '职太山', '410821199602162510', '15670945899', '中国工商', '', '15670945899', '/idcardImg/410821199602162510front.jpg', '/idcardImg/410821199602162510back.jpg', 1, NULL, '2020-07-07 13:59:51', '2020-07-07 14:21:17'),
(5, 12, '郭小珍', '441323199104090528', '13437781213', '中国农业银行', '6228481133594622118', '13437781213', '/idcardImg/441323199104090528front.jpg', '/idcardImg/441323199104090528back.jpg', 1, NULL, '2020-07-08 02:09:48', '2020-07-08 03:02:24'),
(6, 13, '尹为', '420704199012224670', 'tang94701314', '中国建设银行', '6217002640005252379', '13451079579', '/idcardImg/420704199012224670front.jpg', '/idcardImg/420704199012224670back.jpg', 1, NULL, '2020-07-08 09:28:42', '2020-07-08 10:31:11'),
(7, 14, '郭俊辉', '360730200005152017', 'gjh2795325841', '', '', '15970888375', '/idcardImg/360730200005152017front.jpg', '/idcardImg/360730200005152017back.jpg', 1, NULL, '2020-07-08 09:43:24', '2020-07-08 10:31:08'),
(8, 20, '李文平', '370883198409027634', '17073643624', '中国建设银行', '6217002210024227909', '18863791153', '/idcardImg/370883198409027634front.jpg', '/idcardImg/370883198409027634back.jpg', 1, NULL, '2020-07-12 10:03:11', '2020-07-12 11:17:23'),
(9, 17, '冯彦辉', '130984198207185113', '15076725794', '', '', '15076725794', '/idcardImg/130984198207185113front.jpg', '/idcardImg/130984198207185113back.jpg', 1, NULL, '2020-07-16 12:51:27', '2020-07-17 01:04:21'),
(10, 21, '蒋淇舟', '342222199405301611', '18133727368', '中国邮政储蓄银行', '6217993740008416335', '18133727368', '/idcardImg/342222199405301611front.jpg', '/idcardImg/342222199405301611back.jpg', 1, NULL, '2020-07-18 08:16:59', '2020-07-18 16:17:51'),
(11, 22, '张文龙', '350721199511090011', '13626969596', '', '', '13626969596', '/idcardImg/350721199511090011front.jpg', '/idcardImg/350721199511090011back.jpg', 1, NULL, '2020-07-22 07:05:51', '2020-07-24 03:14:11');

-- --------------------------------------------------------

--
-- 表的结构 `roles`
--

CREATE TABLE `roles` (
  `id` int(11) NOT NULL,
  `name` varchar(20) NOT NULL,
  `permission` varchar(1000) NOT NULL,
  `created_at` timestamp NOT NULL DEFAULT CURRENT_TIMESTAMP,
  `updated_at` timestamp NULL DEFAULT NULL
) ENGINE=MyISAM DEFAULT CHARSET=utf8;

--
-- 转存表中的数据 `roles`
--

INSERT INTO `roles` (`id`, `name`, `permission`, `created_at`, `updated_at`) VALUES
(1, '超级管理员', '0', '2019-12-23 17:23:40', NULL),
(19, '管理员', '28,40,47,51,55,56,59,63,64,89,65,66,67,91,68,70,71,72,74,78,81,84', '2020-06-01 16:39:04', '2020-06-02 06:34:22'),
(20, '客服', '40,47,55,63,64,89,65,66,67,91,68,70,71,72,78,81,84,85', '2020-07-06 10:23:39', '2020-07-06 10:23:39');

-- --------------------------------------------------------

--
-- 表的结构 `system_logs`
--

CREATE TABLE `system_logs` (
  `id` int(11) NOT NULL,
  `event` varchar(20) DEFAULT NULL,
  `account` varchar(50) DEFAULT NULL,
  `ip` varchar(20) DEFAULT NULL,
  `content` varchar(10000) DEFAULT NULL,
  `created_at` timestamp NOT NULL DEFAULT CURRENT_TIMESTAMP,
  `updated_at` timestamp NULL DEFAULT CURRENT_TIMESTAMP
) ENGINE=MyISAM DEFAULT CHARSET=utf8;

--
-- 转存表中的数据 `system_logs`
--

INSERT INTO `system_logs` (`id`, `event`, `account`, `ip`, `content`, `created_at`, `updated_at`) VALUES
(1, '登录', '13048814716', '112.97.51.201', '登录：13048814716', '2020-06-08 16:14:27', '2020-06-08 16:14:27'),
(2, '登录', '13048814716', '112.97.51.201', '登录：13048814716', '2020-06-08 16:15:42', '2020-06-08 16:15:42'),
(3, '登录', '13048814716', '112.97.51.201', '退出登录：13048814716', '2020-06-08 16:53:26', '2020-06-08 16:53:26'),
(4, '登录', '13048814716', '112.97.54.64', '登录：13048814716', '2020-06-09 06:15:14', '2020-06-09 06:15:14'),
(5, '登录', '13048814716', '112.97.54.64', '登录：13048814716', '2020-06-09 06:16:58', '2020-06-09 06:16:58'),
(6, '新增', '13048814716', '112.97.54.64', '{\"0\":\"tradeBuyAdd\",\"number\":\"5\",\"price\":\"0.34\",\"orderNumber\":\"10\",\"s\":\"\\/\\/admin\\/tradeBuyAdd\"}', '2020-06-09 06:17:46', '2020-06-09 06:17:46'),
(7, '新增', '13048814716', '112.97.54.64', '{\"0\":\"tradeBuyAdd\",\"number\":\"10\",\"price\":\"0.34\",\"orderNumber\":\"10\",\"s\":\"\\/\\/admin\\/tradeBuyAdd\"}', '2020-06-09 06:17:58', '2020-06-09 06:17:58'),
(8, '新增', '13048814716', '112.97.54.64', '{\"0\":\"tradeBuyAdd\",\"number\":\"5\",\"price\":\"0.34\",\"orderNumber\":\"60\",\"s\":\"\\/\\/admin\\/tradeBuyAdd\"}', '2020-06-09 06:18:36', '2020-06-09 06:18:36'),
(9, '新增', '13048814716', '112.97.54.64', '{\"0\":\"tradeBuyAdd\",\"number\":\"10\",\"price\":\"0.34\",\"orderNumber\":\"40\",\"s\":\"\\/\\/admin\\/tradeBuyAdd\"}', '2020-06-09 06:19:21', '2020-06-09 06:19:21'),
(10, '新增', '13048814716', '112.97.54.64', '{\"0\":\"tradeBuyAdd\",\"number\":\"50\",\"price\":\"0.34\",\"orderNumber\":\"50\",\"s\":\"\\/\\/admin\\/tradeBuyAdd\"}', '2020-06-09 06:19:30', '2020-06-09 06:19:30'),
(11, '新增', '13048814716', '112.97.54.64', '{\"0\":\"tradeBuyAdd\",\"number\":\"100\",\"price\":\"0.34\",\"orderNumber\":\"50\",\"s\":\"\\/\\/admin\\/tradeBuyAdd\"}', '2020-06-09 06:19:41', '2020-06-09 06:19:41'),
(12, '新增', '13048814716', '112.97.54.64', '{\"0\":\"tradeBuyAdd\",\"number\":\"200\",\"price\":\"0.34\",\"orderNumber\":\"50\",\"s\":\"\\/\\/admin\\/tradeBuyAdd\"}', '2020-06-09 06:19:51', '2020-06-09 06:19:51'),
(13, '更新', '13048814716', '112.97.54.64', '{\"0\":\"systemNoticeEdit\",\"id\":\"18\",\"tittle\":\"推广奖励规则\",\"content\":\"<ul class=\\\" list-paddingleft-2\\\" style=\\\"list-style-type: disc;\\\"><li><p>直推奖励：<\\/p><table><tbody><tr class=\\\"firstRow\\\"><td width=\\\"91\\\" valign=\\\"top\\\" style=\\\"word-break: break-all;\\\">直推人数<\\/td><td width=\\\"124\\\" valign=\\\"top\\\" style=\\\"word-break: break-all;\\\">团队算力<\\/td><td width=\\\"153\\\" valign=\\\"top\\\" style=\\\"word-break: break-all;\\\">奖励<\\/td><\\/tr><tr><td width=\\\"91\\\" valign=\\\"top\\\" style=\\\"word-break: break-all;\\\">10<\\/td><td width=\\\"124\\\" valign=\\\"top\\\" style=\\\"word-break: break-all;\\\">1G<\\/td><td width=\\\"153\\\" valign=\\\"top\\\" style=\\\"word-break: break-all;\\\">微型云矿机<\\/td><\\/tr><tr><td width=\\\"91\\\" valign=\\\"top\\\" style=\\\"word-break: break-all;\\\">30<\\/td><td width=\\\"124\\\" valign=\\\"top\\\" style=\\\"word-break: break-all;\\\">30G<\\/td><td width=\\\"153\\\" valign=\\\"top\\\" style=\\\"word-break: break-all;\\\">小型云矿机<\\/td><\\/tr><tr><td width=\\\"91\\\" valign=\\\"top\\\" style=\\\"word-break: break-all;\\\">60<\\/td><td width=\\\"124\\\" valign=\\\"top\\\" style=\\\"word-break: break-all;\\\">600G<\\/td><td width=\\\"153\\\" valign=\\\"top\\\" style=\\\"word-break: break-all;\\\">中型云矿机<\\/td><\\/tr><tr><td width=\\\"91\\\" valign=\\\"top\\\" style=\\\"word-break: break-all;\\\">100<\\/td><td width=\\\"124\\\" valign=\\\"top\\\" style=\\\"word-break: break-all;\\\">10000G<\\/td><td width=\\\"153\\\" valign=\\\"top\\\" style=\\\"word-break: break-all;\\\">大型云矿机<\\/td><\\/tr><\\/tbody><\\/table><p><br\\/><\\/p><\\/li><li><p>疯狂奖励：<\\/p><p>获得直推买币的1%奖励，可直接卖出<\\/p><p><br\\/><\\/p><\\/li><li><p>等级烧伤：<\\/p><p>低于直推的等级，无法获得以上所有奖励<\\/p><\\/li><\\/ul>\",\"s\":\"\\/\\/admin\\/systemNoticeEdit\"}', '2020-06-09 06:52:07', '2020-06-09 06:52:07'),
(14, '更新', '13048814716', '112.97.54.64', '{\"0\":\"systemNoticeEdit\",\"id\":\"18\",\"tittle\":\"推广奖励规则\",\"content\":\"<ul class=\\\" list-paddingleft-2\\\" style=\\\"list-style-type: disc;\\\"><li><p>直推奖励：<\\/p><table><tbody><tr class=\\\"firstRow\\\"><td width=\\\"91\\\" valign=\\\"top\\\" style=\\\"word-break: break-all;\\\">直推人数<\\/td><td width=\\\"124\\\" valign=\\\"top\\\" style=\\\"word-break: break-all;\\\">团队算力<\\/td><td width=\\\"153\\\" valign=\\\"top\\\" style=\\\"word-break: break-all;\\\">奖励<\\/td><\\/tr><tr><td width=\\\"91\\\" valign=\\\"top\\\" style=\\\"word-break: break-all;\\\">10<\\/td><td width=\\\"124\\\" valign=\\\"top\\\" style=\\\"word-break: break-all;\\\">1G<\\/td><td width=\\\"153\\\" valign=\\\"top\\\" style=\\\"word-break: break-all;\\\">微型云矿机<\\/td><\\/tr><tr><td width=\\\"91\\\" valign=\\\"top\\\" style=\\\"word-break: break-all;\\\">30<\\/td><td width=\\\"124\\\" valign=\\\"top\\\" style=\\\"word-break: break-all;\\\">30G<\\/td><td width=\\\"153\\\" valign=\\\"top\\\" style=\\\"word-break: break-all;\\\">小型云矿机<\\/td><\\/tr><tr><td width=\\\"91\\\" valign=\\\"top\\\" style=\\\"word-break: break-all;\\\">60<\\/td><td width=\\\"124\\\" valign=\\\"top\\\" style=\\\"word-break: break-all;\\\">600G<\\/td><td width=\\\"153\\\" valign=\\\"top\\\" style=\\\"word-break: break-all;\\\">中型云矿机<\\/td><\\/tr><tr><td width=\\\"91\\\" valign=\\\"top\\\" style=\\\"word-break: break-all;\\\">100<\\/td><td width=\\\"124\\\" valign=\\\"top\\\" style=\\\"word-break: break-all;\\\">10000G<\\/td><td width=\\\"153\\\" valign=\\\"top\\\" style=\\\"word-break: break-all;\\\">大型云矿机<\\/td><\\/tr><\\/tbody><\\/table><p><br\\/><\\/p><\\/li><li><p>疯狂奖励：<\\/p><p>获得直推买币的1%，可直接卖出<\\/p><p><br\\/><\\/p><\\/li><li><p>等级烧伤：<\\/p><p>低于直推的等级，无法获得以上所有奖励<\\/p><\\/li><\\/ul>\",\"s\":\"\\/\\/admin\\/systemNoticeEdit\"}', '2020-06-09 06:56:28', '2020-06-09 06:56:28'),
(15, '更新', '13048814716', '112.97.54.64', '{\"0\":\"systemNoticeEdit\",\"id\":\"18\",\"tittle\":\"推广奖励规则\",\"content\":\"<ul class=\\\" list-paddingleft-2\\\" style=\\\"list-style-type: disc;\\\"><li><p>直推奖励：<\\/p><table><tbody><tr class=\\\"firstRow\\\"><td width=\\\"91\\\" valign=\\\"top\\\" style=\\\"word-break: break-all;\\\">直推人数<\\/td><td width=\\\"124\\\" valign=\\\"top\\\" style=\\\"word-break: break-all;\\\">团队算力<\\/td><td width=\\\"153\\\" valign=\\\"top\\\" style=\\\"word-break: break-all;\\\">奖励<\\/td><\\/tr><tr><td width=\\\"91\\\" valign=\\\"top\\\" style=\\\"word-break: break-all;\\\">10<\\/td><td width=\\\"124\\\" valign=\\\"top\\\" style=\\\"word-break: break-all;\\\">1G<\\/td><td width=\\\"153\\\" valign=\\\"top\\\" style=\\\"word-break: break-all;\\\">微型云矿机<\\/td><\\/tr><tr><td width=\\\"91\\\" valign=\\\"top\\\" style=\\\"word-break: break-all;\\\">30<\\/td><td width=\\\"124\\\" valign=\\\"top\\\" style=\\\"word-break: break-all;\\\">30G<\\/td><td width=\\\"153\\\" valign=\\\"top\\\" style=\\\"word-break: break-all;\\\">小型云矿机<\\/td><\\/tr><tr><td width=\\\"91\\\" valign=\\\"top\\\" style=\\\"word-break: break-all;\\\">60<\\/td><td width=\\\"124\\\" valign=\\\"top\\\" style=\\\"word-break: break-all;\\\">600G<\\/td><td width=\\\"153\\\" valign=\\\"top\\\" style=\\\"word-break: break-all;\\\">中型云矿机<\\/td><\\/tr><tr><td width=\\\"91\\\" valign=\\\"top\\\" style=\\\"word-break: break-all;\\\">100<\\/td><td width=\\\"124\\\" valign=\\\"top\\\" style=\\\"word-break: break-all;\\\">10000G<\\/td><td width=\\\"153\\\" valign=\\\"top\\\" style=\\\"word-break: break-all;\\\">大型云矿机<\\/td><\\/tr><\\/tbody><\\/table><p><br\\/><\\/p><\\/li><li><p>疯狂奖励：<\\/p><p>获得直推买币的1%，可直接卖出<\\/p><p><br\\/><\\/p><\\/li><li><p>等级烧伤：<\\/p><p>低于直推的等级，无法获得以上所有奖励<\\/p><\\/li><\\/ul>\",\"s\":\"\\/\\/admin\\/systemNoticeEdit\"}', '2020-06-09 06:58:33', '2020-06-09 06:58:33'),
(16, '登录', '13048814716', '127.0.0.1', '登录：13048814716', '2020-06-09 07:01:11', '2020-06-09 07:01:11'),
(17, '更新', '13048814716', '127.0.0.1', '{\"0\":\"systemNoticeEdit\",\"id\":\"18\",\"tittle\":\"推广奖励规则\",\"content\":\"<ul class=\\\" list-paddingleft-2\\\" style=\\\"list-style-type: disc;\\\"><li><p>直推奖励：<\\/p><table><tbody><tr class=\\\"firstRow\\\"><td width=\\\"91\\\" valign=\\\"top\\\" style=\\\"word-break: break-all;\\\">直推人数<\\/td><td width=\\\"124\\\" valign=\\\"top\\\" style=\\\"word-break: break-all;\\\">团队算力<\\/td><td width=\\\"153\\\" valign=\\\"top\\\" style=\\\"word-break: break-all;\\\">奖励<\\/td><\\/tr><tr><td width=\\\"91\\\" valign=\\\"top\\\" style=\\\"word-break: break-all;\\\">10<\\/td><td width=\\\"124\\\" valign=\\\"top\\\" style=\\\"word-break: break-all;\\\">1G<\\/td><td width=\\\"153\\\" valign=\\\"top\\\" style=\\\"word-break: break-all;\\\">微型云矿机<\\/td><\\/tr><tr><td width=\\\"91\\\" valign=\\\"top\\\" style=\\\"word-break: break-all;\\\">30<\\/td><td width=\\\"124\\\" valign=\\\"top\\\" style=\\\"word-break: break-all;\\\">30G<\\/td><td width=\\\"153\\\" valign=\\\"top\\\" style=\\\"word-break: break-all;\\\">小型云矿机<\\/td><\\/tr><tr><td width=\\\"91\\\" valign=\\\"top\\\" style=\\\"word-break: break-all;\\\">60<\\/td><td width=\\\"124\\\" valign=\\\"top\\\" style=\\\"word-break: break-all;\\\">600G<\\/td><td width=\\\"153\\\" valign=\\\"top\\\" style=\\\"word-break: break-all;\\\">中型云矿机<\\/td><\\/tr><tr><td width=\\\"91\\\" valign=\\\"top\\\" style=\\\"word-break: break-all;\\\">100<\\/td><td width=\\\"124\\\" valign=\\\"top\\\" style=\\\"word-break: break-all;\\\">10000G<\\/td><td width=\\\"153\\\" valign=\\\"top\\\" style=\\\"word-break: break-all;\\\">大型云矿机<\\/td><\\/tr><\\/tbody><\\/table><p><br\\/><\\/p><\\/li><li><p>疯狂奖励：<\\/p><p>获得直推买币的1%，可直接卖出<\\/p><p><br\\/><\\/p><\\/li><li><p>等级烧伤：<\\/p><p>低于直推的等级，无法获得以上所有奖励<\\/p><\\/li><\\/ul>\"}', '2020-06-09 07:01:30', '2020-06-09 07:01:30'),
(18, '更新', '13048814716', '112.97.54.64', '{\"0\":\"systemNoticeEdit\",\"id\":\"18\",\"tittle\":\"推广奖励规则\",\"content\":\"<ul class=\\\" list-paddingleft-2\\\" style=\\\"list-style-type: disc;\\\"><li><p>直推奖励：<\\/p><table><tbody><tr class=\\\"firstRow\\\"><td width=\\\"91\\\" valign=\\\"top\\\" style=\\\"word-break: break-all;\\\">直推人数<\\/td><td width=\\\"124\\\" valign=\\\"top\\\" style=\\\"word-break: break-all;\\\">团队算力<\\/td><td width=\\\"153\\\" valign=\\\"top\\\" style=\\\"word-break: break-all;\\\">奖励<\\/td><\\/tr><tr><td width=\\\"91\\\" valign=\\\"top\\\" style=\\\"word-break: break-all;\\\">10<\\/td><td width=\\\"124\\\" valign=\\\"top\\\" style=\\\"word-break: break-all;\\\">1G<\\/td><td width=\\\"153\\\" valign=\\\"top\\\" style=\\\"word-break: break-all;\\\">微型云矿机<\\/td><\\/tr><tr><td width=\\\"91\\\" valign=\\\"top\\\" style=\\\"word-break: break-all;\\\">30<\\/td><td width=\\\"124\\\" valign=\\\"top\\\" style=\\\"word-break: break-all;\\\">30G<\\/td><td width=\\\"153\\\" valign=\\\"top\\\" style=\\\"word-break: break-all;\\\">小型云矿机<\\/td><\\/tr><tr><td width=\\\"91\\\" valign=\\\"top\\\" style=\\\"word-break: break-all;\\\">60<\\/td><td width=\\\"124\\\" valign=\\\"top\\\" style=\\\"word-break: break-all;\\\">600G<\\/td><td width=\\\"153\\\" valign=\\\"top\\\" style=\\\"word-break: break-all;\\\">中型云矿机<\\/td><\\/tr><tr><td width=\\\"91\\\" valign=\\\"top\\\" style=\\\"word-break: break-all;\\\">100<\\/td><td width=\\\"124\\\" valign=\\\"top\\\" style=\\\"word-break: break-all;\\\">10000G<\\/td><td width=\\\"153\\\" valign=\\\"top\\\" style=\\\"word-break: break-all;\\\">大型云矿机<\\/td><\\/tr><\\/tbody><\\/table><p><br\\/><\\/p><\\/li><li><p>疯狂奖励：<\\/p><p>获得直推买币的1%，可直接卖出<\\/p><p><br\\/><\\/p><\\/li><li><p>等级烧伤：<\\/p><p>低于直推的等级，无法获得以上所有奖励<\\/p><\\/li><\\/ul>\",\"s\":\"\\/\\/admin\\/systemNoticeEdit\"}', '2020-06-09 07:02:38', '2020-06-09 07:02:38'),
(19, '更新', '13048814716', '112.97.54.64', '{\"0\":\"systemNoticeEdit\",\"id\":\"18\",\"tittle\":\"推广奖励规则\",\"content\":\"<ul class=\\\" list-paddingleft-2\\\" style=\\\"list-style-type: disc;\\\"><li><p>直推奖励：<\\/p><table><tbody><tr class=\\\"firstRow\\\"><td width=\\\"91\\\" valign=\\\"top\\\" style=\\\"word-break: break-all;\\\">直推人数<\\/td><td width=\\\"124\\\" valign=\\\"top\\\" style=\\\"word-break: break-all;\\\">团队算力<\\/td><td width=\\\"153\\\" valign=\\\"top\\\" style=\\\"word-break: break-all;\\\">奖励<\\/td><\\/tr><tr><td width=\\\"91\\\" valign=\\\"top\\\" style=\\\"word-break: break-all;\\\">10<\\/td><td width=\\\"124\\\" valign=\\\"top\\\" style=\\\"word-break: break-all;\\\">1G<\\/td><td width=\\\"153\\\" valign=\\\"top\\\" style=\\\"word-break: break-all;\\\">微型云矿机<\\/td><\\/tr><tr><td width=\\\"91\\\" valign=\\\"top\\\" style=\\\"word-break: break-all;\\\">30<\\/td><td width=\\\"124\\\" valign=\\\"top\\\" style=\\\"word-break: break-all;\\\">30G<\\/td><td width=\\\"153\\\" valign=\\\"top\\\" style=\\\"word-break: break-all;\\\">小型云矿机<\\/td><\\/tr><tr><td width=\\\"91\\\" valign=\\\"top\\\" style=\\\"word-break: break-all;\\\">60<\\/td><td width=\\\"124\\\" valign=\\\"top\\\" style=\\\"word-break: break-all;\\\">600G<\\/td><td width=\\\"153\\\" valign=\\\"top\\\" style=\\\"word-break: break-all;\\\">中型云矿机<\\/td><\\/tr><tr><td width=\\\"91\\\" valign=\\\"top\\\" style=\\\"word-break: break-all;\\\">100<\\/td><td width=\\\"124\\\" valign=\\\"top\\\" style=\\\"word-break: break-all;\\\">10000G<\\/td><td width=\\\"153\\\" valign=\\\"top\\\" style=\\\"word-break: break-all;\\\">大型云矿机<\\/td><\\/tr><\\/tbody><\\/table><p><br\\/><\\/p><\\/li><li><p>疯狂奖励：<\\/p><p>获得直推买币的1%，可直接卖出<\\/p><p><br\\/><\\/p><\\/li><li><p>等级烧伤：<\\/p><p>低于直推的等级，无法获得以上所有奖励<\\/p><\\/li><\\/ul>\",\"s\":\"\\/\\/admin\\/systemNoticeEdit\"}', '2020-06-09 07:08:43', '2020-06-09 07:08:43'),
(20, '更新', '13048814716', '112.97.54.64', '{\"0\":\"systemNoticeEdit\",\"id\":\"4\",\"tittle\":\"交易规则\",\"content\":\"<ul class=\\\" list-paddingleft-2\\\" style=\\\"list-style-type: disc;\\\"><li><p>开盘价$0.1，每天上涨$0.01<\\/p><\\/li><li><p>实名认证送2台微型矿机<\\/p><\\/li><li><p>没有矿机运行，无法卖出<br\\/><\\/p><\\/li><\\/ul><p><br\\/><\\/p><p>升级规则：<\\/p><table><tbody><tr class=\\\"firstRow\\\"><td valign=\\\"top\\\" colspan=\\\"1\\\" rowspan=\\\"1\\\" width=\\\"87\\\" style=\\\"word-break: break-all;\\\">等级<\\/td><td valign=\\\"top\\\" colspan=\\\"1\\\" rowspan=\\\"1\\\" width=\\\"155\\\" style=\\\"word-break: break-all;\\\">要求<\\/td><td valign=\\\"top\\\" colspan=\\\"1\\\" rowspan=\\\"1\\\" width=\\\"106\\\" style=\\\"word-break: break-all;\\\">每天卖出次数<\\/td><\\/tr><tr><td valign=\\\"top\\\" colspan=\\\"1\\\" rowspan=\\\"1\\\" width=\\\"87\\\" style=\\\"word-break: break-all;\\\">一级会员<\\/td><td valign=\\\"top\\\" colspan=\\\"1\\\" rowspan=\\\"1\\\" width=\\\"155\\\" style=\\\"word-break: break-all;\\\">有微型云矿机在运行<\\/td><td valign=\\\"top\\\" colspan=\\\"1\\\" rowspan=\\\"1\\\" width=\\\"106\\\" style=\\\"word-break: break-all;\\\">1<\\/td><\\/tr><tr><td valign=\\\"top\\\" colspan=\\\"1\\\" rowspan=\\\"1\\\" width=\\\"87\\\" style=\\\"word-break: break-all;\\\">二级会员<\\/td><td valign=\\\"top\\\" colspan=\\\"1\\\" rowspan=\\\"1\\\" width=\\\"155\\\" style=\\\"word-break: break-all;\\\">有小型云矿机在运行<\\/td><td valign=\\\"top\\\" colspan=\\\"1\\\" rowspan=\\\"1\\\" width=\\\"106\\\" style=\\\"word-break: break-all;\\\">1<\\/td><\\/tr><tr><td valign=\\\"top\\\" colspan=\\\"1\\\" rowspan=\\\"1\\\" width=\\\"87\\\" style=\\\"word-break: break-all;\\\">三级会员<\\/td><td valign=\\\"top\\\" colspan=\\\"1\\\" rowspan=\\\"1\\\" width=\\\"155\\\" style=\\\"word-break: break-all;\\\">有中型云矿机在运行<\\/td><td valign=\\\"top\\\" colspan=\\\"1\\\" rowspan=\\\"1\\\" width=\\\"106\\\" style=\\\"word-break: break-all;\\\">2<\\/td><\\/tr><tr><td valign=\\\"top\\\" colspan=\\\"1\\\" rowspan=\\\"1\\\" width=\\\"87\\\" style=\\\"word-break: break-all;\\\">四级会员<\\/td><td valign=\\\"top\\\" colspan=\\\"1\\\" rowspan=\\\"1\\\" width=\\\"155\\\" style=\\\"word-break: break-all;\\\">有大型云矿机在运行<\\/td><td valign=\\\"top\\\" colspan=\\\"1\\\" rowspan=\\\"1\\\" width=\\\"106\\\" style=\\\"word-break: break-all;\\\">3<\\/td><\\/tr><tr><td valign=\\\"top\\\" colspan=\\\"1\\\" rowspan=\\\"1\\\" width=\\\"87\\\" style=\\\"word-break: break-all;\\\">五级会员<\\/td><td valign=\\\"top\\\" colspan=\\\"1\\\" rowspan=\\\"1\\\" width=\\\"155\\\" style=\\\"word-break: break-all;\\\">有超级云矿机在运行<\\/td><td valign=\\\"top\\\" colspan=\\\"1\\\" rowspan=\\\"1\\\" width=\\\"106\\\" style=\\\"word-break: break-all;\\\">不限制<\\/td><\\/tr><\\/tbody><\\/table><p><br\\/><\\/p>\",\"s\":\"\\/\\/admin\\/systemNoticeEdit\"}', '2020-06-09 07:08:56', '2020-06-09 07:08:56'),
(21, '登录', '13048814716', '112.97.57.91', '登录：13048814716', '2020-06-09 12:20:12', '2020-06-09 12:20:12'),
(22, '登录', '13048814716', '112.97.57.91', '登录：13048814716', '2020-06-09 12:21:32', '2020-06-09 12:21:32'),
(23, '更新', '13048814716', '112.97.57.91', '{\"0\":\"memberAssetsRechargeEdit\",\"balance\":\"10000\",\"buyTotal\":null,\"s\":\"\\/\\/admin\\/memberAssetsRechargeEdit\"}', '2020-06-09 12:22:10', '2020-06-09 12:22:10'),
(24, '登录', '13048814716', '127.0.0.1', '登录：13048814716', '2020-06-09 12:25:54', '2020-06-09 12:25:54'),
(25, '更新', '13048814716', '127.0.0.1', '{\"0\":\"memberAssetsRechargeEdit\",\"balance\":\"10\",\"buyTotal\":null}', '2020-06-09 12:26:15', '2020-06-09 12:26:15'),
(26, '更新', '13048814716', '127.0.0.1', '{\"0\":\"memberAssetsRechargeEdit\",\"balance\":\"10\",\"rewards\":null}', '2020-06-09 13:15:48', '2020-06-09 13:15:48'),
(27, '更新', '13048814716', '127.0.0.1', '{\"0\":\"memberAssetsRechargeEdit\",\"balance\":\"10000\",\"rewards\":null}', '2020-06-09 13:41:08', '2020-06-09 13:41:08'),
(28, '更新', '13048814716', '127.0.0.1', '{\"0\":\"memberAssetsRechargeEdit\",\"balance\":\"-100\",\"rewards\":null}', '2020-06-09 13:43:47', '2020-06-09 13:43:47'),
(29, '更新', '13048814716', '127.0.0.1', '{\"0\":\"memberAssetsRechargeEdit\",\"balance\":\"-10\",\"rewards\":null}', '2020-06-09 13:46:53', '2020-06-09 13:46:53'),
(30, '更新', '13048814716', '127.0.0.1', '{\"0\":\"memberAssetsRechargeEdit\",\"balance\":\"-10\",\"rewards\":null}', '2020-06-09 13:49:00', '2020-06-09 13:49:00'),
(31, '更新', '13048814716', '127.0.0.1', '{\"0\":\"memberAssetsRechargeEdit\",\"balance\":null,\"rewards\":\"50\"}', '2020-06-09 13:51:06', '2020-06-09 13:51:06'),
(32, '更新', '13048814716', '127.0.0.1', '{\"0\":\"memberAssetsRechargeEdit\",\"balance\":null,\"rewards\":\"50\"}', '2020-06-09 13:52:48', '2020-06-09 13:52:48'),
(33, '新增', '13048814716', '127.0.0.1', '{\"0\":\"memberMinerAdd\",\"minerType\":\"1\",\"number\":\"1\"}', '2020-06-09 14:01:38', '2020-06-09 14:01:38'),
(34, '新增', '13048814716', '127.0.0.1', '{\"0\":\"memberMinerAdd\",\"minerType\":\"2\",\"number\":\"2\"}', '2020-06-09 14:02:55', '2020-06-09 14:02:55'),
(35, '新增', '13048814716', '127.0.0.1', '{\"0\":\"memberMinerAdd\",\"minerType\":\"3\",\"number\":\"1\"}', '2020-06-09 14:07:35', '2020-06-09 14:07:35'),
(36, '更新', '13048814716', '127.0.0.1', '{\"0\":\"memberRealNameEdit\",\"name\":\"heshi\",\"idcard\":\"431124199311270779\",\"weixin\":\"15570708089\",\"alipay\":\"15570708089\",\"bank_name\":\"深圳市\",\"bank_card\":\"123456\",\"idcard_front_img\":null}', '2020-06-09 14:19:34', '2020-06-09 14:19:34'),
(37, '更新', '13048814716', '127.0.0.1', '{\"0\":\"memberRealNameEdit\",\"name\":\"heshi\",\"idcard\":\"431124199311270779\",\"weixin\":\"15570708089\",\"alipay\":\"15570708089\",\"bank_name\":\"深圳市\",\"bank_card\":\"123456789\",\"idcard_front_img\":null,\"idcard_back_img\":null}', '2020-06-09 14:27:36', '2020-06-09 14:27:36'),
(38, '登录', '13048814716', '112.97.57.91', '登录：13048814716', '2020-06-09 14:29:17', '2020-06-09 14:29:17'),
(39, '登录', '13048814716', '112.97.57.91', '登录：13048814716', '2020-06-09 14:55:23', '2020-06-09 14:55:23'),
(40, '登录', '13048814716', '112.97.57.91', '登录：13048814716', '2020-06-09 14:56:12', '2020-06-09 14:56:12'),
(41, '登录', '13048814716', '112.97.57.91', '退出登录：13048814716', '2020-06-09 14:57:27', '2020-06-09 14:57:27'),
(42, '登录', '13048814716', '112.97.57.91', '登录：13048814716', '2020-06-09 14:57:49', '2020-06-09 14:57:49'),
(43, '登录', '13048814716', '112.97.57.91', '登录：13048814716', '2020-06-09 15:02:45', '2020-06-09 15:02:45'),
(44, '登录', '13048814716', '112.97.57.91', '登录：13048814716', '2020-06-09 15:04:25', '2020-06-09 15:04:25'),
(45, '登录', '13048814716', '112.97.57.91', '登录：13048814716', '2020-06-09 15:08:21', '2020-06-09 15:08:21'),
(46, '登录', '13048814716', '112.97.57.91', '登录：13048814716', '2020-06-09 15:09:19', '2020-06-09 15:09:19'),
(47, '登录', '13048814716', '112.97.57.91', '登录：13048814716', '2020-06-09 15:12:25', '2020-06-09 15:12:25'),
(48, '登录', '13048814716', '112.97.57.91', '登录：13048814716', '2020-06-09 15:18:44', '2020-06-09 15:18:44'),
(49, '登录', '13048814716', '112.97.57.91', '登录：13048814716', '2020-06-09 15:21:09', '2020-06-09 15:21:09'),
(50, '登录', '13048814716', '112.97.57.91', '退出登录：13048814716', '2020-06-09 15:22:35', '2020-06-09 15:22:35'),
(51, '登录', '13048814716', '112.97.57.91', '登录：13048814716', '2020-06-09 15:22:54', '2020-06-09 15:22:54'),
(52, '登录', '13048814716', '112.97.57.91', '退出登录：13048814716', '2020-06-09 15:22:59', '2020-06-09 15:22:59'),
(53, '登录', '13048814716', '112.97.57.91', '登录：13048814716', '2020-06-09 15:25:16', '2020-06-09 15:25:16'),
(54, '登录', '13048814716', '112.97.57.91', '登录：13048814716', '2020-06-09 15:31:52', '2020-06-09 15:31:52'),
(55, '登录', '13048814716', '112.97.57.91', '退出登录：13048814716', '2020-06-09 15:31:56', '2020-06-09 15:31:56'),
(56, '登录', '13048814716', '112.97.57.91', '登录：13048814716', '2020-06-09 15:32:21', '2020-06-09 15:32:21'),
(57, '登录', '13048814716', '112.97.57.91', '登录：13048814716', '2020-06-09 15:36:46', '2020-06-09 15:36:46'),
(58, '登录', '13048814716', '112.97.57.91', '退出登录：13048814716', '2020-06-09 15:37:09', '2020-06-09 15:37:09'),
(59, '登录', '13048814716', '112.97.57.91', '登录：13048814716', '2020-06-09 15:47:06', '2020-06-09 15:47:06'),
(60, '登录', '13048814716', '112.97.63.245', '登录：13048814716', '2020-06-09 19:07:41', '2020-06-09 19:07:41'),
(61, '登录', '13048814716', '127.0.0.1', '登录：13048814716', '2020-06-10 16:54:23', '2020-06-10 16:54:23'),
(62, '更新', '13048814716', '127.0.0.1', '{\"0\":\"imageEdit\",\"type\":\"miner\",\"imgTittle\":\"微型云矿机\"}', '2020-06-10 16:55:41', '2020-06-10 16:55:41'),
(63, '更新', '13048814716', '127.0.0.1', '{\"0\":\"imageEdit\",\"type\":\"miner\",\"imgTittle\":\"小型云矿机\"}', '2020-06-10 16:56:01', '2020-06-10 16:56:01'),
(64, '更新', '13048814716', '127.0.0.1', '{\"0\":\"imageEdit\",\"type\":\"miner\",\"imgTittle\":\"中型云矿机\"}', '2020-06-10 16:56:17', '2020-06-10 16:56:17'),
(65, '更新', '13048814716', '127.0.0.1', '{\"0\":\"imageEdit\",\"type\":\"miner\",\"imgTittle\":\"大型云矿机\"}', '2020-06-10 16:56:31', '2020-06-10 16:56:31'),
(66, '更新', '13048814716', '127.0.0.1', '{\"0\":\"imageEdit\",\"type\":\"miner\",\"imgTittle\":\"超级云矿机\"}', '2020-06-10 16:56:47', '2020-06-10 16:56:47'),
(67, '登录', '13048814716', '113.116.195.95', '登录：13048814716', '2020-06-11 04:53:49', '2020-06-11 04:53:49'),
(68, '登录', '13048814716', '113.116.195.95', '登录：13048814716', '2020-06-11 05:00:07', '2020-06-11 05:00:07'),
(69, '新增', '13048814716', '113.116.195.95', '{\"0\":\"tradeBuyAdd\",\"number\":\"5\",\"price\":\"0.36\",\"orderNumber\":\"40\",\"s\":\"\\/\\/admin\\/tradeBuyAdd\"}', '2020-06-11 05:00:55', '2020-06-11 05:00:55'),
(70, '新增', '13048814716', '113.116.195.95', '{\"0\":\"tradeBuyAdd\",\"number\":\"10\",\"price\":\"0.36\",\"orderNumber\":\"40\",\"s\":\"\\/\\/admin\\/tradeBuyAdd\"}', '2020-06-11 05:01:06', '2020-06-11 05:01:06'),
(71, '新增', '13048814716', '113.116.195.95', '{\"0\":\"tradeBuyAdd\",\"number\":\"50\",\"price\":\"0.36\",\"orderNumber\":\"40\",\"s\":\"\\/\\/admin\\/tradeBuyAdd\"}', '2020-06-11 05:01:16', '2020-06-11 05:01:16'),
(72, '新增', '13048814716', '113.116.195.95', '{\"0\":\"tradeBuyAdd\",\"number\":\"100\",\"price\":\"0.36\",\"orderNumber\":\"40\",\"s\":\"\\/\\/admin\\/tradeBuyAdd\"}', '2020-06-11 05:01:26', '2020-06-11 05:01:26'),
(73, '新增', '13048814716', '113.116.195.95', '{\"0\":\"tradeBuyAdd\",\"number\":\"200\",\"price\":\"0.36\",\"orderNumber\":\"49\",\"s\":\"\\/\\/admin\\/tradeBuyAdd\"}', '2020-06-11 05:01:37', '2020-06-11 05:01:37'),
(74, '登录', '13048814716', '113.116.195.95', '退出登录：13048814716', '2020-06-11 05:49:22', '2020-06-11 05:49:22'),
(75, '登录', '13048814716', '113.116.195.95', '登录：13048814716', '2020-06-11 06:06:38', '2020-06-11 06:06:38'),
(76, '登录', '13048814716', '113.116.195.95', '登录：13048814716', '2020-06-11 06:08:00', '2020-06-11 06:08:00'),
(77, '登录', '13048814716', '113.116.195.95', '登录：13048814716', '2020-06-11 06:20:13', '2020-06-11 06:20:13'),
(78, '登录', '13048814716', '113.116.195.95', '登录：13048814716', '2020-06-11 06:34:09', '2020-06-11 06:34:09'),
(79, '登录', '13048814716', '112.97.57.196', '登录：13048814716', '2020-06-12 14:28:34', '2020-06-12 14:28:34'),
(80, '新增', '13048814716', '112.97.57.196', '{\"0\":\"tradeBuyAdd\",\"number\":\"5\",\"price\":\"0.37\",\"orderNumber\":\"3\",\"s\":\"\\/\\/admin\\/tradeBuyAdd\"}', '2020-06-12 14:56:24', '2020-06-12 14:56:24'),
(81, '新增', '13048814716', '112.97.57.196', '{\"0\":\"tradeBuyAdd\",\"number\":\"5\",\"price\":\"0.37\",\"orderNumber\":\"2\",\"s\":\"\\/\\/admin\\/tradeBuyAdd\"}', '2020-06-12 14:57:30', '2020-06-12 14:57:30'),
(82, '登录', '13048814716', '112.97.57.196', '登录：13048814716', '2020-06-12 16:28:24', '2020-06-12 16:28:24'),
(83, '更新', '13048814716', '112.97.57.196', '{\"0\":\"memberAssetsBlockEdit\",\"blockNumber\":\"10\",\"s\":\"\\/\\/admin\\/memberAssetsBlockEdit\"}', '2020-06-12 16:48:21', '2020-06-12 16:48:21'),
(84, '更新', '13048814716', '112.97.57.196', '{\"0\":\"memberAssetsBlockEdit\",\"blockNumber\":\"-10\",\"s\":\"\\/\\/admin\\/memberAssetsBlockEdit\"}', '2020-06-12 16:48:30', '2020-06-12 16:48:30'),
(85, '更新', '13048814716', '112.97.57.196', '{\"0\":\"memberAssetsBlockEdit\",\"blockNumber\":\"10\",\"s\":\"\\/\\/admin\\/memberAssetsBlockEdit\"}', '2020-06-12 16:49:44', '2020-06-12 16:49:44'),
(86, '更新', '13048814716', '112.97.57.196', '{\"0\":\"memberAssetsBlockEdit\",\"blockNumber\":\"-10\",\"s\":\"\\/\\/admin\\/memberAssetsBlockEdit\"}', '2020-06-12 16:49:50', '2020-06-12 16:49:50'),
(87, '更新', '13048814716', '112.97.57.196', '{\"0\":\"memberAssetsBlockEdit\",\"blockNumber\":\"0\",\"s\":\"\\/\\/admin\\/memberAssetsBlockEdit\"}', '2020-06-12 16:51:08', '2020-06-12 16:51:08'),
(88, '更新', '13048814716', '112.97.57.196', '{\"0\":\"memberAssetsBlockEdit\",\"blockNumber\":\"10\",\"s\":\"\\/\\/admin\\/memberAssetsBlockEdit\"}', '2020-06-12 17:07:28', '2020-06-12 17:07:28'),
(89, '更新', '13048814716', '112.97.57.196', '{\"0\":\"memberAssetsBlockEdit\",\"blockNumber\":\"-5\",\"s\":\"\\/\\/admin\\/memberAssetsBlockEdit\"}', '2020-06-12 17:07:33', '2020-06-12 17:07:33'),
(90, '更新', '13048814716', '112.97.57.196', '{\"0\":\"memberAssetsBlockEdit\",\"blockNumber\":\"-5\",\"s\":\"\\/\\/admin\\/memberAssetsBlockEdit\"}', '2020-06-12 17:07:38', '2020-06-12 17:07:38'),
(91, '更新', '13048814716', '112.97.57.196', '{\"0\":\"memberAssetsBlockEdit\",\"blockNumber\":\"10000\",\"s\":\"\\/\\/admin\\/memberAssetsBlockEdit\"}', '2020-06-12 17:11:38', '2020-06-12 17:11:38'),
(92, '更新', '13048814716', '112.97.57.196', '{\"0\":\"memberAssetsBlockEdit\",\"blockNumber\":\"10000\",\"s\":\"\\/\\/admin\\/memberAssetsBlockEdit\"}', '2020-06-12 17:12:24', '2020-06-12 17:12:24'),
(93, '更新', '13048814716', '112.97.57.196', '{\"0\":\"memberAssetsBlockEdit\",\"blockNumber\":\"10000\",\"s\":\"\\/\\/admin\\/memberAssetsBlockEdit\"}', '2020-06-12 17:14:02', '2020-06-12 17:14:02'),
(94, '更新', '13048814716', '112.97.57.196', '{\"0\":\"memberAssetsBlockEdit\",\"blockNumber\":\"10000\",\"s\":\"\\/\\/admin\\/memberAssetsBlockEdit\"}', '2020-06-12 17:14:11', '2020-06-12 17:14:11'),
(95, '更新', '13048814716', '112.97.57.196', '{\"0\":\"memberAssetsBlockEdit\",\"blockNumber\":\"9000\",\"s\":\"\\/\\/admin\\/memberAssetsBlockEdit\"}', '2020-06-12 17:15:43', '2020-06-12 17:15:43'),
(96, '更新', '13048814716', '112.97.57.196', '{\"0\":\"memberAssetsBlockEdit\",\"blockNumber\":\"-9000\",\"s\":\"\\/\\/admin\\/memberAssetsBlockEdit\"}', '2020-06-12 17:16:15', '2020-06-12 17:16:15'),
(97, '登录', '13048814716', '112.97.50.192', '登录：13048814716', '2020-06-16 08:00:10', '2020-06-16 08:00:10'),
(98, '更新', '13048814716', '112.97.50.192', '{\"0\":\"memberRealNameCheckEdit\",\"auth_status\":\"1\",\"s\":\"\\/\\/admin\\/memberRealNameCheckEdit\"}', '2020-06-16 08:00:25', '2020-06-16 08:00:25'),
(99, '登录', '13048814716', '112.97.60.39', '登录：13048814716', '2020-06-16 12:25:10', '2020-06-16 12:25:10'),
(100, '更新', '13048814716', '112.97.60.39', '{\"0\":\"memberRealNameCheckEdit\",\"auth_status\":\"0\",\"s\":\"\\/\\/admin\\/memberRealNameCheckEdit\"}', '2020-06-16 12:25:30', '2020-06-16 12:25:30'),
(101, '更新', '13048814716', '112.97.60.39', '{\"0\":\"memberRealNameCheckEdit\",\"auth_status\":\"1\",\"s\":\"\\/\\/admin\\/memberRealNameCheckEdit\"}', '2020-06-16 12:25:40', '2020-06-16 12:25:40'),
(102, '更新', '13048814716', '112.97.60.39', '{\"0\":\"memberRealNameCheckEdit\",\"auth_status\":\"1\",\"s\":\"\\/\\/admin\\/memberRealNameCheckEdit\"}', '2020-06-16 12:42:29', '2020-06-16 12:42:29'),
(103, '更新', '13048814716', '112.97.60.39', '{\"0\":\"memberRealNameCheckEdit\",\"auth_status\":\"2\",\"s\":\"\\/\\/admin\\/memberRealNameCheckEdit\"}', '2020-06-16 12:55:24', '2020-06-16 12:55:24'),
(104, '更新', '13048814716', '112.97.60.39', '{\"0\":\"memberRealNameCheckEdit\",\"auth_status\":\"2\",\"s\":\"\\/\\/admin\\/memberRealNameCheckEdit\"}', '2020-06-16 13:00:36', '2020-06-16 13:00:36'),
(105, '更新', '13048814716', '112.97.60.39', '{\"0\":\"memberRealNameCheckEdit\",\"memberId\":\"6\",\"auth_status\":\"1\",\"s\":\"\\/\\/admin\\/memberRealNameCheckEdit\"}', '2020-06-16 13:00:41', '2020-06-16 13:00:41'),
(106, '登录', '13048814716', '127.0.0.1', '登录：13048814716', '2020-06-16 17:01:37', '2020-06-16 17:01:37'),
(107, '登录', '13048814716', '112.97.63.146', '登录：13048814716', '2020-06-18 14:30:31', '2020-06-18 14:30:31'),
(108, '登录', '13048814716', '112.97.63.146', '退出登录：13048814716', '2020-06-18 14:53:08', '2020-06-18 14:53:08'),
(109, '登录', '13048814716', '112.97.63.146', '登录：13048814716', '2020-06-18 14:54:15', '2020-06-18 14:54:15'),
(110, '登录', '13048814716', '112.97.63.146', '退出登录：13048814716', '2020-06-18 14:57:31', '2020-06-18 14:57:31'),
(111, '登录', '13048814716', '112.97.63.146', '登录：13048814716', '2020-06-18 15:12:22', '2020-06-18 15:12:22'),
(112, '更新', '13048814716', '112.97.63.146', '{\"0\":\"tradeOrderCancelEdit\",\"cancelType\":\"blockBuy\",\"s\":\"\\/\\/admin\\/tradeOrderCancelEdit\"}', '2020-06-18 15:13:03', '2020-06-18 15:13:03'),
(113, '更新', '13048814716', '112.97.63.146', '{\"0\":\"memberEdit\",\"id\":\"6\",\"credit\":\"94\",\"password\":null,\"safe_password\":null,\"activated\":\"0\",\"s\":\"\\/\\/admin\\/memberEdit\"}', '2020-06-18 15:14:26', '2020-06-18 15:14:26'),
(114, '更新', '13048814716', '112.97.63.146', '{\"0\":\"memberEdit\",\"id\":\"6\",\"credit\":\"94\",\"password\":null,\"safe_password\":null,\"activated\":\"0\",\"s\":\"\\/\\/admin\\/memberEdit\"}', '2020-06-18 15:19:19', '2020-06-18 15:19:19'),
(115, '新增', '13048814716', '112.97.63.146', '{\"0\":\"tradeBuyAdd\",\"number\":\"5\",\"price\":\"0.43\",\"orderNumber\":\"30\",\"s\":\"\\/\\/admin\\/tradeBuyAdd\"}', '2020-06-18 16:54:53', '2020-06-18 16:54:53'),
(116, '新增', '13048814716', '112.97.63.146', '{\"0\":\"tradeBuyAdd\",\"number\":\"10\",\"price\":\"0.43\",\"orderNumber\":\"30\",\"s\":\"\\/\\/admin\\/tradeBuyAdd\"}', '2020-06-18 16:55:02', '2020-06-18 16:55:02'),
(117, '新增', '13048814716', '112.97.63.146', '{\"0\":\"tradeBuyAdd\",\"number\":\"50\",\"price\":\"0.43\",\"orderNumber\":\"30\",\"s\":\"\\/\\/admin\\/tradeBuyAdd\"}', '2020-06-18 16:55:10', '2020-06-18 16:55:10'),
(118, '新增', '13048814716', '112.97.63.146', '{\"0\":\"tradeBuyAdd\",\"number\":\"50\",\"price\":\"0.43\",\"orderNumber\":\"30\",\"s\":\"\\/\\/admin\\/tradeBuyAdd\"}', '2020-06-18 16:55:20', '2020-06-18 16:55:20'),
(119, '新增', '13048814716', '112.97.63.146', '{\"0\":\"tradeBuyAdd\",\"number\":\"200\",\"price\":\"0.43\",\"orderNumber\":\"20\",\"s\":\"\\/\\/admin\\/tradeBuyAdd\"}', '2020-06-18 16:55:29', '2020-06-18 16:55:29'),
(120, '新增', '13048814716', '112.97.63.146', '{\"0\":\"tradeBuyAdd\",\"number\":\"100\",\"price\":\"0.43\",\"orderNumber\":\"30\",\"s\":\"\\/\\/admin\\/tradeBuyAdd\"}', '2020-06-18 16:55:44', '2020-06-18 16:55:44'),
(121, '新增', '13048814716', '112.97.63.146', '{\"0\":\"tradeBuyAdd\",\"number\":\"200\",\"price\":\"0.43\",\"orderNumber\":\"10\",\"s\":\"\\/\\/admin\\/tradeBuyAdd\"}', '2020-06-18 16:56:44', '2020-06-18 16:56:44'),
(122, '新增', '13048814716', '112.97.63.146', '{\"0\":\"tradeBuyAdd\",\"number\":\"10\",\"price\":\"0.43\",\"orderNumber\":\"20\",\"s\":\"\\/\\/admin\\/tradeBuyAdd\"}', '2020-06-18 16:57:36', '2020-06-18 16:57:36'),
(123, '更新', '13048814716', '112.97.63.146', '{\"0\":\"memberAssetsBlockEdit\",\"blockNumber\":\"-65\",\"s\":\"\\/\\/admin\\/memberAssetsBlockEdit\"}', '2020-06-18 18:09:37', '2020-06-18 18:09:37'),
(124, '登录', '13048814716', '112.97.54.231', '登录：13048814716', '2020-06-19 10:31:20', '2020-06-19 10:31:20'),
(125, '更新', '13048814716', '112.97.54.231', '{\"0\":\"memberAssetsRechargeEdit\",\"balance\":\"200\",\"rewards\":null,\"s\":\"\\/\\/admin\\/memberAssetsRechargeEdit\"}', '2020-06-19 14:53:15', '2020-06-19 14:53:15'),
(126, '更新', '13048814716', '112.97.54.231', '{\"0\":\"memberAssetsRechargeEdit\",\"balance\":\"100\",\"rewards\":null,\"s\":\"\\/\\/admin\\/memberAssetsRechargeEdit\"}', '2020-06-19 14:58:13', '2020-06-19 14:58:13'),
(127, '更新', '13048814716', '112.97.54.231', '{\"0\":\"adminEdit\",\"name\":\"admin\",\"password\":\"hocytheyoun631\",\"phone\":\"13048814716\",\"weixin\":\"admin\",\"role\":\"1\",\"s\":\"\\/\\/admin\\/adminEdit\"}', '2020-06-19 17:41:33', '2020-06-19 17:41:33'),
(128, '更新', '13048814716', '112.97.54.231', '{\"0\":\"memberEdit\",\"id\":\"1\",\"credit\":\"100\",\"password\":null,\"safe_password\":null,\"activated\":\"3\",\"s\":\"\\/\\/admin\\/memberEdit\"}', '2020-06-19 17:44:06', '2020-06-19 17:44:06'),
(129, '更新', '13048814716', '112.97.54.231', '{\"0\":\"memberEdit\",\"id\":\"6\",\"credit\":\"100\",\"password\":null,\"safe_password\":null,\"activated\":\"0\",\"s\":\"\\/\\/admin\\/memberEdit\"}', '2020-06-19 17:44:26', '2020-06-19 17:44:26'),
(130, '更新', '13048814716', '112.97.54.231', '{\"0\":\"memberAssetsRechargeEdit\",\"balance\":\"-9610.59\",\"rewards\":null,\"s\":\"\\/\\/admin\\/memberAssetsRechargeEdit\"}', '2020-06-19 17:44:58', '2020-06-19 17:44:58'),
(131, '更新', '13048814716', '112.97.54.231', '{\"0\":\"memberActivityEdit\",\"subordinate\":\"10\",\"hashrate\":\"1\",\"minerType\":\"1\",\"number\":\"1\",\"rewardMembers\":null,\"s\":\"\\/\\/admin\\/memberActivityEdit\"}', '2020-06-19 18:09:32', '2020-06-19 18:09:32'),
(132, '更新', '13048814716', '112.97.54.231', '{\"0\":\"memberActivityEdit\",\"subordinate\":\"10\",\"hashrate\":\"1\",\"minerType\":\"1\",\"number\":\"1\",\"rewardMembers\":\"13048814716\",\"s\":\"\\/\\/admin\\/memberActivityEdit\"}', '2020-06-19 18:09:58', '2020-06-19 18:09:58'),
(133, '更新', '13048814716', '112.97.54.231', '{\"0\":\"memberActivityEdit\",\"subordinate\":\"10\",\"hashrate\":\"1\",\"minerType\":\"1\",\"number\":\"1\",\"rewardMembers\":null,\"s\":\"\\/\\/admin\\/memberActivityEdit\"}', '2020-06-19 18:10:08', '2020-06-19 18:10:08'),
(134, '登录', '13048814716', '112.97.61.124', '登录：13048814716', '2020-06-22 11:23:38', '2020-06-22 11:23:38'),
(135, '新增', '13048814716', '112.97.61.124', '{\"0\":\"tradeBuyAdd\",\"number\":\"5\",\"price\":\"0.46\",\"orderNumber\":\"30\",\"s\":\"\\/\\/admin\\/tradeBuyAdd\"}', '2020-06-22 11:26:43', '2020-06-22 11:26:43'),
(136, '新增', '13048814716', '112.97.61.124', '{\"0\":\"tradeBuyAdd\",\"number\":\"10\",\"price\":\"0.46\",\"orderNumber\":\"30\",\"s\":\"\\/\\/admin\\/tradeBuyAdd\"}', '2020-06-22 11:26:59', '2020-06-22 11:26:59'),
(137, '新增', '13048814716', '112.97.61.124', '{\"0\":\"tradeBuyAdd\",\"number\":\"50\",\"price\":\"0.46\",\"orderNumber\":\"30\",\"s\":\"\\/\\/admin\\/tradeBuyAdd\"}', '2020-06-22 11:27:13', '2020-06-22 11:27:13'),
(138, '登录', '13048814716', '113.116.195.139', '登录：13048814716', '2020-06-24 03:40:16', '2020-06-24 03:40:16'),
(139, '登录', '13048814716', '113.116.195.139', '登录：13048814716', '2020-06-24 07:41:21', '2020-06-24 07:41:21'),
(140, '更新', '13048814716', '113.116.195.139', '{\"0\":\"systemNoticeEdit\",\"id\":\"4\",\"tittle\":\"交易规则\",\"content\":\"<ul class=\\\" list-paddingleft-2\\\" style=\\\"list-style-type: disc;\\\"><li><p>开盘价$0.1，每天上涨$0.01<\\/p><\\/li><li><p>实名认证送2台微型矿机<\\/p><\\/li><li><p>没有矿机运行，无法卖出<\\/p><\\/li><li><p>超过2小时不付款，信用减2，交易自动取消<\\/p><\\/li><li><p>上传假图或者少付款，被投诉直接封号，信用减6<br\\/><\\/p><\\/li><li><p>信用低于96，无法卖出，买一次币信用加1<\\/p><\\/li><\\/ul><p><br\\/><\\/p><p>升级规则：<\\/p><table><tbody><tr class=\\\"firstRow\\\"><td valign=\\\"top\\\" colspan=\\\"1\\\" rowspan=\\\"1\\\" width=\\\"87\\\" style=\\\"word-break: break-all;\\\">等级<\\/td><td valign=\\\"top\\\" colspan=\\\"1\\\" rowspan=\\\"1\\\" width=\\\"155\\\" style=\\\"word-break: break-all;\\\">要求<\\/td><td valign=\\\"top\\\" colspan=\\\"1\\\" rowspan=\\\"1\\\" width=\\\"106\\\" style=\\\"word-break: break-all;\\\">每天卖出次数<\\/td><\\/tr><tr><td valign=\\\"top\\\" colspan=\\\"1\\\" rowspan=\\\"1\\\" width=\\\"87\\\" style=\\\"word-break: break-all;\\\">一级会员<\\/td><td valign=\\\"top\\\" colspan=\\\"1\\\" rowspan=\\\"1\\\" width=\\\"155\\\" style=\\\"word-break: break-all;\\\">有微型云矿机在运行<\\/td><td valign=\\\"top\\\" colspan=\\\"1\\\" rowspan=\\\"1\\\" width=\\\"106\\\" style=\\\"word-break: break-all;\\\">1<\\/td><\\/tr><tr><td valign=\\\"top\\\" colspan=\\\"1\\\" rowspan=\\\"1\\\" width=\\\"87\\\" style=\\\"word-break: break-all;\\\">二级会员<\\/td><td valign=\\\"top\\\" colspan=\\\"1\\\" rowspan=\\\"1\\\" width=\\\"155\\\" style=\\\"word-break: break-all;\\\">有小型云矿机在运行<\\/td><td valign=\\\"top\\\" colspan=\\\"1\\\" rowspan=\\\"1\\\" width=\\\"106\\\" style=\\\"word-break: break-all;\\\">1<\\/td><\\/tr><tr><td valign=\\\"top\\\" colspan=\\\"1\\\" rowspan=\\\"1\\\" width=\\\"87\\\" style=\\\"word-break: break-all;\\\">三级会员<\\/td><td valign=\\\"top\\\" colspan=\\\"1\\\" rowspan=\\\"1\\\" width=\\\"155\\\" style=\\\"word-break: break-all;\\\">有中型云矿机在运行<\\/td><td valign=\\\"top\\\" colspan=\\\"1\\\" rowspan=\\\"1\\\" width=\\\"106\\\" style=\\\"word-break: break-all;\\\">2<\\/td><\\/tr><tr><td valign=\\\"top\\\" colspan=\\\"1\\\" rowspan=\\\"1\\\" width=\\\"87\\\" style=\\\"word-break: break-all;\\\">四级会员<\\/td><td valign=\\\"top\\\" colspan=\\\"1\\\" rowspan=\\\"1\\\" width=\\\"155\\\" style=\\\"word-break: break-all;\\\">有大型云矿机在运行<\\/td><td valign=\\\"top\\\" colspan=\\\"1\\\" rowspan=\\\"1\\\" width=\\\"106\\\" style=\\\"word-break: break-all;\\\">3<\\/td><\\/tr><tr><td valign=\\\"top\\\" colspan=\\\"1\\\" rowspan=\\\"1\\\" width=\\\"87\\\" style=\\\"word-break: break-all;\\\">五级会员<\\/td><td valign=\\\"top\\\" colspan=\\\"1\\\" rowspan=\\\"1\\\" width=\\\"155\\\" style=\\\"word-break: break-all;\\\">有超级云矿机在运行<\\/td><td valign=\\\"top\\\" colspan=\\\"1\\\" rowspan=\\\"1\\\" width=\\\"106\\\" style=\\\"word-break: break-all;\\\">不限制<\\/td><\\/tr><\\/tbody><\\/table><p><br\\/><\\/p>\",\"s\":\"\\/\\/admin\\/systemNoticeEdit\"}', '2020-06-24 07:51:26', '2020-06-24 07:51:26'),
(141, '登录', '13048814716', '113.116.195.139', '退出登录：13048814716', '2020-06-24 07:52:13', '2020-06-24 07:52:13'),
(142, '更新', '13048814716', '113.116.192.225', '{\"0\":\"systemNoticeEdit\",\"id\":\"4\",\"tittle\":\"交易规则\",\"content\":\"<ul class=\\\" list-paddingleft-2\\\" style=\\\"list-style-type: disc;\\\"><li><p>开盘价$0.1，每天上涨$0.01<\\/p><\\/li><li><p>实名认证送1台微型矿机<\\/p><\\/li><li><p>没有矿机运行，无法卖出<\\/p><\\/li><li><p>超过2小时不付款，信用减2，交易自动取消<\\/p><\\/li><li><p>上传假图或者少付款，被投诉直接封号，信用减6<br\\/><\\/p><\\/li><li><p>信用低于96，无法卖出，买一次币信用加1<\\/p><\\/li><\\/ul><p><br\\/><\\/p><p>升级规则：<\\/p><table><tbody><tr class=\\\"firstRow\\\"><td valign=\\\"top\\\" colspan=\\\"1\\\" rowspan=\\\"1\\\" width=\\\"87\\\" style=\\\"word-break: break-all;\\\">等级<\\/td><td valign=\\\"top\\\" colspan=\\\"1\\\" rowspan=\\\"1\\\" width=\\\"155\\\" style=\\\"word-break: break-all;\\\">要求<\\/td><td valign=\\\"top\\\" colspan=\\\"1\\\" rowspan=\\\"1\\\" width=\\\"106\\\" style=\\\"word-break: break-all;\\\">每天卖出次数<\\/td><\\/tr><tr><td valign=\\\"top\\\" colspan=\\\"1\\\" rowspan=\\\"1\\\" width=\\\"87\\\" style=\\\"word-break: break-all;\\\">一级会员<\\/td><td valign=\\\"top\\\" colspan=\\\"1\\\" rowspan=\\\"1\\\" width=\\\"155\\\" style=\\\"word-break: break-all;\\\">有微型云矿机在运行<\\/td><td valign=\\\"top\\\" colspan=\\\"1\\\" rowspan=\\\"1\\\" width=\\\"106\\\" style=\\\"word-break: break-all;\\\">1<\\/td><\\/tr><tr><td valign=\\\"top\\\" colspan=\\\"1\\\" rowspan=\\\"1\\\" width=\\\"87\\\" style=\\\"word-break: break-all;\\\">二级会员<\\/td><td valign=\\\"top\\\" colspan=\\\"1\\\" rowspan=\\\"1\\\" width=\\\"155\\\" style=\\\"word-break: break-all;\\\">有小型云矿机在运行<\\/td><td valign=\\\"top\\\" colspan=\\\"1\\\" rowspan=\\\"1\\\" width=\\\"106\\\" style=\\\"word-break: break-all;\\\">1<\\/td><\\/tr><tr><td valign=\\\"top\\\" colspan=\\\"1\\\" rowspan=\\\"1\\\" width=\\\"87\\\" style=\\\"word-break: break-all;\\\">三级会员<\\/td><td valign=\\\"top\\\" colspan=\\\"1\\\" rowspan=\\\"1\\\" width=\\\"155\\\" style=\\\"word-break: break-all;\\\">有中型云矿机在运行<\\/td><td valign=\\\"top\\\" colspan=\\\"1\\\" rowspan=\\\"1\\\" width=\\\"106\\\" style=\\\"word-break: break-all;\\\">2<\\/td><\\/tr><tr><td valign=\\\"top\\\" colspan=\\\"1\\\" rowspan=\\\"1\\\" width=\\\"87\\\" style=\\\"word-break: break-all;\\\">四级会员<\\/td><td valign=\\\"top\\\" colspan=\\\"1\\\" rowspan=\\\"1\\\" width=\\\"155\\\" style=\\\"word-break: break-all;\\\">有大型云矿机在运行<\\/td><td valign=\\\"top\\\" colspan=\\\"1\\\" rowspan=\\\"1\\\" width=\\\"106\\\" style=\\\"word-break: break-all;\\\">3<\\/td><\\/tr><tr><td valign=\\\"top\\\" colspan=\\\"1\\\" rowspan=\\\"1\\\" width=\\\"87\\\" style=\\\"word-break: break-all;\\\">五级会员<\\/td><td valign=\\\"top\\\" colspan=\\\"1\\\" rowspan=\\\"1\\\" width=\\\"155\\\" style=\\\"word-break: break-all;\\\">有超级云矿机在运行<\\/td><td valign=\\\"top\\\" colspan=\\\"1\\\" rowspan=\\\"1\\\" width=\\\"106\\\" style=\\\"word-break: break-all;\\\">不限制<\\/td><\\/tr><\\/tbody><\\/table><p><br\\/><\\/p>\",\"s\":\"\\/admin\\/systemNoticeEdit\"}', '2020-07-03 06:21:56', '2020-07-03 06:21:56'),
(143, '新增', '13048814716', '113.116.192.225', '{\"0\":\"systemNoticeAdd\",\"tittle\":\"最新活动\",\"content\":\"<p>前2000名注册会员，送3台微型云矿机，之后恢复送1台微矿！<\\/p>\",\"s\":\"\\/admin\\/systemNoticeAdd\"}', '2020-07-03 06:24:14', '2020-07-03 06:24:14'),
(144, '登录', '13048814716', '112.97.53.210', '登录：13048814716', '2020-07-05 07:01:50', '2020-07-05 07:01:50'),
(145, '新增', '13048814716', '112.97.53.210', '{\"0\":\"adminPermissionAdd\",\"url\":\"admin\\/coinList\",\"pid\":\"0\",\"admin-role-save\":null,\"s\":\"\\/admin\\/adminPermissionAdd\"}', '2020-07-05 08:25:06', '2020-07-05 08:25:06'),
(146, '新增', '13048814716', '112.97.53.210', '{\"0\":\"adminPermissionAdd\",\"url\":\"admin\\/coinAdd\",\"pid\":\"97\",\"admin-role-save\":null,\"s\":\"\\/admin\\/adminPermissionAdd\"}', '2020-07-05 08:25:30', '2020-07-05 08:25:30'),
(147, '新增', '13048814716', '112.97.53.210', '{\"0\":\"adminPermissionAdd\",\"url\":\"admin\\/coinEdit\",\"pid\":\"97\",\"admin-role-save\":null,\"s\":\"\\/admin\\/adminPermissionAdd\"}', '2020-07-05 08:25:50', '2020-07-05 08:25:50'),
(148, '新增', '13048814716', '112.97.53.210', '{\"0\":\"adminPermissionAdd\",\"url\":\"admin\\/coinDestroy\",\"pid\":\"97\",\"admin-role-save\":null,\"s\":\"\\/admin\\/adminPermissionAdd\"}', '2020-07-05 08:26:08', '2020-07-05 08:26:08'),
(149, '更新', '13048814716', '112.97.53.210', '{\"0\":\"adminPermissionEdit\",\"tittle\":\"修改\",\"url\":\"admin\\/coinEdit\",\"pid\":\"97\",\"admin-role-save\":null,\"s\":\"\\/admin\\/adminPermissionEdit\"}', '2020-07-05 08:26:19', '2020-07-05 08:26:19'),
(150, '新增', '13048814716', '112.97.53.210', '{\"0\":\"coinAdd\",\"s\":\"\\/admin\\/coinAdd\"}', '2020-07-05 08:40:01', '2020-07-05 08:40:01'),
(151, '更新', '13048814716', '112.97.53.210', '{\"0\":\"coinEdit\",\"price\":\"0.1\",\"s\":\"\\/admin\\/coinEdit\"}', '2020-07-05 08:40:20', '2020-07-05 08:40:20'),
(152, '更新', '13048814716', '112.97.53.210', '{\"0\":\"coinEdit\",\"price\":\"0.1\",\"s\":\"\\/admin\\/coinEdit\"}', '2020-07-05 08:44:57', '2020-07-05 08:44:57'),
(153, '登录', '13048814716', '112.97.61.187', '登录：13048814716', '2020-07-06 01:14:47', '2020-07-06 01:14:47'),
(154, '登录', '13048814716', '112.97.61.187', '登录：13048814716', '2020-07-06 01:16:06', '2020-07-06 01:16:06'),
(155, '登录', '13048814716', '112.97.61.187', '登录：13048814716', '2020-07-06 01:18:02', '2020-07-06 01:18:02'),
(156, '登录', '13048814716', '113.116.192.76', '登录：13048814716', '2020-07-06 07:25:25', '2020-07-06 07:25:25'),
(157, '更新', '13048814716', '113.116.192.76', '{\"0\":\"memberRealNameCheckEdit\",\"memberId\":\"7\",\"auth_status\":\"1\",\"s\":\"\\/admin\\/memberRealNameCheckEdit\"}', '2020-07-06 09:34:50', '2020-07-06 09:34:50'),
(158, '新增', '13048814716', '113.116.192.76', '{\"0\":\"adminRoleAdd\",\"permission\":[\"40\",\"47\",\"55\",\"63\",\"64\",\"89\",\"65\",\"66\",\"67\",\"91\",\"68\",\"70\",\"71\",\"72\",\"78\",\"81\",\"84\",\"85\"],\"s\":\"\\/admin\\/adminRoleAdd\"}', '2020-07-06 10:23:39', '2020-07-06 10:23:39'),
(159, '登录', '13048814716', '112.97.48.89', '登录：13048814716', '2020-07-07 11:42:22', '2020-07-07 11:42:22'),
(160, '更新', '13048814716', '112.97.48.89', '{\"0\":\"systemNoticeEdit\",\"id\":\"19\",\"tittle\":\"最新活动\",\"content\":\"<p>前2000名注册会员，送2台微型云矿机，之后恢复送1台微矿！<\\/p>\",\"s\":\"\\/admin\\/systemNoticeEdit\"}', '2020-07-07 11:42:50', '2020-07-07 11:42:50'),
(161, '更新', '13048814716', '112.97.48.89', '{\"0\":\"memberRealNameCheckEdit\",\"memberId\":\"8\",\"auth_status\":\"1\",\"s\":\"\\/admin\\/memberRealNameCheckEdit\"}', '2020-07-07 14:21:17', '2020-07-07 14:21:17'),
(162, '删除', '13048814716', '112.97.48.89', '\"systemNoticeDel,15670945899,微型云矿机,0.1,6,720,0.00833333,0\"', '2020-07-07 14:25:13', '2020-07-07 14:25:13'),
(163, '登录', '13048814716', '112.97.48.89', '登录：13048814716', '2020-07-08 01:13:19', '2020-07-08 01:13:19'),
(164, '更新', '13048814716', '112.97.49.9', '{\"0\":\"memberRealNameCheckEdit\",\"memberId\":\"12\",\"auth_status\":\"1\",\"s\":\"\\/admin\\/memberRealNameCheckEdit\"}', '2020-07-08 03:02:24', '2020-07-08 03:02:24'),
(165, '登录', '13048814716', '112.97.49.9', '登录：13048814716', '2020-07-08 05:37:42', '2020-07-08 05:37:42'),
(166, '登录', '13048814716', '112.97.49.9', '登录：13048814716', '2020-07-08 08:11:29', '2020-07-08 08:11:29'),
(167, '新增', '13048814716', '112.97.49.9', '{\"0\":\"tradeBuyAdd\",\"number\":\"5\",\"price\":\"0.13\",\"orderNumber\":\"30\",\"s\":\"\\/admin\\/tradeBuyAdd\"}', '2020-07-08 08:12:55', '2020-07-08 08:12:55'),
(168, '新增', '13048814716', '112.97.49.9', '{\"0\":\"tradeBuyAdd\",\"number\":\"10\",\"price\":\"0.13\",\"orderNumber\":\"30\",\"s\":\"\\/admin\\/tradeBuyAdd\"}', '2020-07-08 08:13:03', '2020-07-08 08:13:03'),
(169, '新增', '13048814716', '112.97.49.9', '{\"0\":\"tradeBuyAdd\",\"number\":\"50\",\"price\":\"0.13\",\"orderNumber\":\"30\",\"s\":\"\\/admin\\/tradeBuyAdd\"}', '2020-07-08 08:13:13', '2020-07-08 08:13:13'),
(170, '新增', '13048814716', '112.97.49.9', '{\"0\":\"tradeBuyAdd\",\"number\":\"100\",\"price\":\"0.13\",\"orderNumber\":\"30\",\"s\":\"\\/admin\\/tradeBuyAdd\"}', '2020-07-08 08:13:20', '2020-07-08 08:13:20'),
(171, '新增', '13048814716', '112.97.49.9', '{\"0\":\"tradeBuyAdd\",\"number\":\"200\",\"price\":\"0.13\",\"orderNumber\":\"30\",\"s\":\"\\/admin\\/tradeBuyAdd\"}', '2020-07-08 08:13:26', '2020-07-08 08:13:26'),
(172, '更新', '13048814716', '112.97.49.9', '{\"0\":\"memberRealNameCheckEdit\",\"memberId\":\"14\",\"auth_status\":\"1\",\"s\":\"\\/admin\\/memberRealNameCheckEdit\"}', '2020-07-08 10:31:08', '2020-07-08 10:31:08'),
(173, '更新', '13048814716', '112.97.49.9', '{\"0\":\"memberRealNameCheckEdit\",\"memberId\":\"13\",\"auth_status\":\"1\",\"s\":\"\\/admin\\/memberRealNameCheckEdit\"}', '2020-07-08 10:31:11', '2020-07-08 10:31:11'),
(174, '新增', '13048814716', '112.97.60.61', '{\"0\":\"tradeBuyAdd\",\"number\":\"5\",\"price\":\"0.14\",\"orderNumber\":\"30\",\"s\":\"\\/admin\\/tradeBuyAdd\"}', '2020-07-08 16:06:43', '2020-07-08 16:06:43'),
(175, '新增', '13048814716', '112.97.60.61', '{\"0\":\"tradeBuyAdd\",\"number\":\"10\",\"price\":\"0.14\",\"orderNumber\":\"30\",\"s\":\"\\/admin\\/tradeBuyAdd\"}', '2020-07-08 16:06:52', '2020-07-08 16:06:52'),
(176, '新增', '13048814716', '112.97.60.61', '{\"0\":\"tradeBuyAdd\",\"number\":\"50\",\"price\":\"0.14\",\"orderNumber\":\"30\",\"s\":\"\\/admin\\/tradeBuyAdd\"}', '2020-07-08 16:07:03', '2020-07-08 16:07:03'),
(177, '新增', '13048814716', '112.97.60.61', '{\"0\":\"tradeBuyAdd\",\"number\":\"100\",\"price\":\"0.14\",\"orderNumber\":\"30\",\"s\":\"\\/admin\\/tradeBuyAdd\"}', '2020-07-08 16:07:18', '2020-07-08 16:07:18'),
(178, '新增', '13048814716', '112.97.60.61', '{\"0\":\"tradeBuyAdd\",\"number\":\"200\",\"price\":\"0.14\",\"orderNumber\":\"30\",\"s\":\"\\/admin\\/tradeBuyAdd\"}', '2020-07-08 16:07:27', '2020-07-08 16:07:27'),
(179, '登录', '13048814716', '112.97.60.61', '登录：13048814716', '2020-07-09 03:41:47', '2020-07-09 03:41:47'),
(180, '登录', '13048814716', '112.97.60.61', '登录：13048814716', '2020-07-09 05:44:32', '2020-07-09 05:44:32'),
(181, '登录', '13048814716', '112.97.60.61', '登录：13048814716', '2020-07-09 06:57:33', '2020-07-09 06:57:33'),
(182, '新增', '13048814716', '112.97.60.61', '{\"0\":\"tradeBuyAdd\",\"number\":\"5\",\"price\":\"0.14\",\"orderNumber\":\"30\",\"s\":\"\\/admin\\/tradeBuyAdd\"}', '2020-07-09 08:22:45', '2020-07-09 08:22:45'),
(183, '新增', '13048814716', '112.97.60.61', '{\"0\":\"tradeBuyAdd\",\"number\":\"10\",\"price\":\"0.14\",\"orderNumber\":\"30\",\"s\":\"\\/admin\\/tradeBuyAdd\"}', '2020-07-09 08:22:54', '2020-07-09 08:22:54'),
(184, '新增', '13048814716', '112.97.60.61', '{\"0\":\"tradeBuyAdd\",\"number\":\"50\",\"price\":\"0.14\",\"orderNumber\":\"30\",\"s\":\"\\/admin\\/tradeBuyAdd\"}', '2020-07-09 08:23:04', '2020-07-09 08:23:04'),
(185, '新增', '13048814716', '112.97.60.61', '{\"0\":\"tradeBuyAdd\",\"number\":\"100\",\"price\":\"0.14\",\"orderNumber\":\"10\",\"s\":\"\\/admin\\/tradeBuyAdd\"}', '2020-07-09 08:23:12', '2020-07-09 08:23:12'),
(186, '新增', '13048814716', '112.97.60.61', '{\"0\":\"tradeBuyAdd\",\"number\":\"200\",\"price\":\"0.14\",\"orderNumber\":\"5\",\"s\":\"\\/admin\\/tradeBuyAdd\"}', '2020-07-09 08:23:23', '2020-07-09 08:23:23'),
(187, '登录', '13048814716', '112.97.52.245', '登录：13048814716', '2020-07-09 13:00:00', '2020-07-09 13:00:00');
INSERT INTO `system_logs` (`id`, `event`, `account`, `ip`, `content`, `created_at`, `updated_at`) VALUES
(188, '登录', '13048814716', '112.97.60.54', '登录：13048814716', '2020-07-10 05:13:43', '2020-07-10 05:13:43'),
(189, '登录', '13048814716', '112.97.60.54', '登录：13048814716', '2020-07-10 05:13:59', '2020-07-10 05:13:59'),
(190, '新增', '13048814716', '112.97.60.54', '{\"0\":\"tradeBuyAdd\",\"number\":\"5\",\"price\":\"0.15\",\"orderNumber\":\"30\",\"s\":\"\\/admin\\/tradeBuyAdd\"}', '2020-07-10 05:14:12', '2020-07-10 05:14:12'),
(191, '新增', '13048814716', '112.97.60.54', '{\"0\":\"tradeBuyAdd\",\"number\":\"10\",\"price\":\"0.15\",\"orderNumber\":\"30\",\"s\":\"\\/admin\\/tradeBuyAdd\"}', '2020-07-10 05:14:19', '2020-07-10 05:14:19'),
(192, '新增', '13048814716', '112.97.60.54', '{\"0\":\"tradeBuyAdd\",\"number\":\"50\",\"price\":\"0.15\",\"orderNumber\":\"30\",\"s\":\"\\/admin\\/tradeBuyAdd\"}', '2020-07-10 05:14:29', '2020-07-10 05:14:29'),
(193, '新增', '13048814716', '112.97.60.54', '{\"0\":\"tradeBuyAdd\",\"number\":\"100\",\"price\":\"0.15\",\"orderNumber\":\"20\",\"s\":\"\\/admin\\/tradeBuyAdd\"}', '2020-07-10 05:14:38', '2020-07-10 05:14:38'),
(194, '新增', '13048814716', '112.97.60.54', '{\"0\":\"tradeBuyAdd\",\"number\":\"200\",\"price\":\"0.15\",\"orderNumber\":\"20\",\"s\":\"\\/admin\\/tradeBuyAdd\"}', '2020-07-10 05:14:45', '2020-07-10 05:14:45'),
(195, '登录', '13048814716', '112.97.60.54', '登录：13048814716', '2020-07-10 07:24:53', '2020-07-10 07:24:53'),
(196, '登录', '13048814716', '112.97.63.167', '登录：13048814716', '2020-07-10 16:41:52', '2020-07-10 16:41:52'),
(197, '新增', '13048814716', '112.97.63.167', '{\"0\":\"tradeBuyAdd\",\"number\":\"5\",\"price\":\"0.16\",\"orderNumber\":\"30\",\"s\":\"\\/admin\\/tradeBuyAdd\"}', '2020-07-10 16:42:09', '2020-07-10 16:42:09'),
(198, '新增', '13048814716', '112.97.63.167', '{\"0\":\"tradeBuyAdd\",\"number\":\"10\",\"price\":\"0.16\",\"orderNumber\":\"30\",\"s\":\"\\/admin\\/tradeBuyAdd\"}', '2020-07-10 16:42:16', '2020-07-10 16:42:16'),
(199, '新增', '13048814716', '112.97.63.167', '{\"0\":\"tradeBuyAdd\",\"number\":\"50\",\"price\":\"0.16\",\"orderNumber\":\"30\",\"s\":\"\\/admin\\/tradeBuyAdd\"}', '2020-07-10 16:42:23', '2020-07-10 16:42:23'),
(200, '新增', '13048814716', '112.97.63.167', '{\"0\":\"tradeBuyAdd\",\"number\":\"100\",\"price\":\"0.16\",\"orderNumber\":\"20\",\"s\":\"\\/admin\\/tradeBuyAdd\"}', '2020-07-10 16:42:37', '2020-07-10 16:42:37'),
(201, '新增', '13048814716', '112.97.63.167', '{\"0\":\"tradeBuyAdd\",\"number\":\"200\",\"price\":\"0.16\",\"orderNumber\":\"10\",\"s\":\"\\/admin\\/tradeBuyAdd\"}', '2020-07-10 16:42:44', '2020-07-10 16:42:44'),
(202, '登录', '13048814716', '112.97.51.24', '登录：13048814716', '2020-07-11 03:12:39', '2020-07-11 03:12:39'),
(203, '登录', '13048814716', '112.97.51.24', '登录：13048814716', '2020-07-11 08:05:13', '2020-07-11 08:05:13'),
(204, '登录', '13048814716', '112.97.63.30', '登录：13048814716', '2020-07-11 12:05:06', '2020-07-11 12:05:06'),
(205, '登录', '13048814716', '112.97.63.30', '登录：13048814716', '2020-07-11 14:21:05', '2020-07-11 14:21:05'),
(206, '登录', '13048814716', '112.97.59.72', '登录：13048814716', '2020-07-12 02:10:56', '2020-07-12 02:10:56'),
(207, '登录', '13048814716', '112.97.59.72', '登录：13048814716', '2020-07-12 02:11:20', '2020-07-12 02:11:20'),
(208, '新增', '13048814716', '112.97.59.72', '{\"0\":\"tradeBuyAdd\",\"number\":\"5\",\"price\":\"0.17\",\"orderNumber\":\"30\",\"s\":\"\\/admin\\/tradeBuyAdd\"}', '2020-07-12 02:11:33', '2020-07-12 02:11:33'),
(209, '新增', '13048814716', '112.97.59.72', '{\"0\":\"tradeBuyAdd\",\"number\":\"10\",\"price\":\"0.17\",\"orderNumber\":\"30\",\"s\":\"\\/admin\\/tradeBuyAdd\"}', '2020-07-12 02:11:41', '2020-07-12 02:11:41'),
(210, '新增', '13048814716', '112.97.59.72', '{\"0\":\"tradeBuyAdd\",\"number\":\"50\",\"price\":\"0.17\",\"orderNumber\":\"30\",\"s\":\"\\/admin\\/tradeBuyAdd\"}', '2020-07-12 02:11:50', '2020-07-12 02:11:50'),
(211, '新增', '13048814716', '112.97.59.72', '{\"0\":\"tradeBuyAdd\",\"number\":\"100\",\"price\":\"0.17\",\"orderNumber\":\"20\",\"s\":\"\\/admin\\/tradeBuyAdd\"}', '2020-07-12 02:11:58', '2020-07-12 02:11:58'),
(212, '新增', '13048814716', '112.97.59.72', '{\"0\":\"tradeBuyAdd\",\"number\":\"200\",\"price\":\"0.17\",\"orderNumber\":\"20\",\"s\":\"\\/admin\\/tradeBuyAdd\"}', '2020-07-12 02:12:05', '2020-07-12 02:12:05'),
(213, '登录', '13048814716', '112.97.59.72', '登录：13048814716', '2020-07-12 09:26:00', '2020-07-12 09:26:00'),
(214, '更新', '13048814716', '112.97.59.72', '{\"0\":\"memberRealNameCheckEdit\",\"memberId\":\"20\",\"auth_status\":\"1\",\"s\":\"\\/admin\\/memberRealNameCheckEdit\"}', '2020-07-12 11:17:23', '2020-07-12 11:17:23'),
(215, '登录', '13048814716', '112.97.59.72', '登录：13048814716', '2020-07-12 14:37:43', '2020-07-12 14:37:43'),
(216, '新增', '13048814716', '112.97.59.72', '{\"0\":\"tradeBuyAdd\",\"number\":\"5\",\"price\":\"0.17\",\"orderNumber\":\"30\",\"s\":\"\\/admin\\/tradeBuyAdd\"}', '2020-07-12 16:01:52', '2020-07-12 16:01:52'),
(217, '登录', '13048814716', '112.97.59.72', '退出登录：13048814716', '2020-07-12 16:01:59', '2020-07-12 16:01:59'),
(218, '登录', '13048814716', '112.97.59.72', '登录：13048814716', '2020-07-12 16:02:18', '2020-07-12 16:02:18'),
(219, '新增', '13048814716', '112.97.59.72', '{\"0\":\"tradeBuyAdd\",\"number\":\"5\",\"price\":\"0.18\",\"orderNumber\":\"30\",\"s\":\"\\/admin\\/tradeBuyAdd\"}', '2020-07-12 16:02:29', '2020-07-12 16:02:29'),
(220, '新增', '13048814716', '112.97.59.72', '{\"0\":\"tradeBuyAdd\",\"number\":\"10\",\"price\":\"0.18\",\"orderNumber\":\"30\",\"s\":\"\\/admin\\/tradeBuyAdd\"}', '2020-07-12 16:02:37', '2020-07-12 16:02:37'),
(221, '新增', '13048814716', '112.97.59.72', '{\"0\":\"tradeBuyAdd\",\"number\":\"50\",\"price\":\"0.18\",\"orderNumber\":\"30\",\"s\":\"\\/admin\\/tradeBuyAdd\"}', '2020-07-12 16:02:44', '2020-07-12 16:02:44'),
(222, '新增', '13048814716', '112.97.59.72', '{\"0\":\"tradeBuyAdd\",\"number\":\"100\",\"price\":\"0.18\",\"orderNumber\":\"20\",\"s\":\"\\/admin\\/tradeBuyAdd\"}', '2020-07-12 16:02:51', '2020-07-12 16:02:51'),
(223, '新增', '13048814716', '112.97.59.72', '{\"0\":\"tradeBuyAdd\",\"number\":\"200\",\"price\":\"0.18\",\"orderNumber\":\"20\",\"s\":\"\\/admin\\/tradeBuyAdd\"}', '2020-07-12 16:03:01', '2020-07-12 16:03:01'),
(224, '登录', '13048814716', '112.97.53.196', '登录：13048814716', '2020-07-13 01:07:08', '2020-07-13 01:07:08'),
(225, '登录', '13048814716', '119.122.112.250', '登录：13048814716', '2020-07-13 02:09:24', '2020-07-13 02:09:24'),
(226, '更新', '13048814716', '119.122.112.250', '{\"0\":\"memberAssetsRechargeEdit\",\"balance\":\"-224.83\",\"rewards\":null,\"s\":\"\\/admin\\/memberAssetsRechargeEdit\"}', '2020-07-13 02:30:12', '2020-07-13 02:30:12'),
(227, '登录', '13048814716', '119.122.112.250', '登录：13048814716', '2020-07-13 05:35:20', '2020-07-13 05:35:20'),
(228, '登录', '13048814716', '119.122.112.250', '登录：13048814716', '2020-07-13 05:35:47', '2020-07-13 05:35:47'),
(229, '登录', '13048814716', '119.122.112.250', '登录：13048814716', '2020-07-13 08:50:04', '2020-07-13 08:50:04'),
(230, '登录', '13048814716', '112.97.53.196', '登录：13048814716', '2020-07-13 12:15:44', '2020-07-13 12:15:44'),
(231, '登录', '13048814716', '112.97.53.196', '登录：13048814716', '2020-07-13 12:16:07', '2020-07-13 12:16:07'),
(232, '登录', '13048814716', '112.97.53.196', '登录：13048814716', '2020-07-13 16:00:26', '2020-07-13 16:00:26'),
(233, '新增', '13048814716', '112.97.53.196', '{\"0\":\"tradeBuyAdd\",\"number\":\"5\",\"price\":\"0.19\",\"orderNumber\":\"30\",\"s\":\"\\/admin\\/tradeBuyAdd\"}', '2020-07-13 16:00:57', '2020-07-13 16:00:57'),
(234, '新增', '13048814716', '112.97.53.196', '{\"0\":\"tradeBuyAdd\",\"number\":\"10\",\"price\":\"0.19\",\"orderNumber\":\"30\",\"s\":\"\\/admin\\/tradeBuyAdd\"}', '2020-07-13 16:01:15', '2020-07-13 16:01:15'),
(235, '新增', '13048814716', '112.97.53.196', '{\"0\":\"tradeBuyAdd\",\"number\":\"50\",\"price\":\"0.19\",\"orderNumber\":\"30\",\"s\":\"\\/admin\\/tradeBuyAdd\"}', '2020-07-13 16:01:35', '2020-07-13 16:01:35'),
(236, '新增', '13048814716', '112.97.53.196', '{\"0\":\"tradeBuyAdd\",\"number\":\"100\",\"price\":\"0.19\",\"orderNumber\":\"20\",\"s\":\"\\/admin\\/tradeBuyAdd\"}', '2020-07-13 16:01:54', '2020-07-13 16:01:54'),
(237, '新增', '13048814716', '112.97.53.196', '{\"0\":\"tradeBuyAdd\",\"number\":\"200\",\"price\":\"0.19\",\"orderNumber\":\"20\",\"s\":\"\\/admin\\/tradeBuyAdd\"}', '2020-07-13 16:02:09', '2020-07-13 16:02:09'),
(238, '登录', '13048814716', '119.122.112.250', '登录：13048814716', '2020-07-14 01:59:56', '2020-07-14 01:59:56'),
(239, '登录', '13048814716', '119.122.112.250', '登录：13048814716', '2020-07-14 10:29:04', '2020-07-14 10:29:04'),
(240, '登录', '13048814716', '112.97.53.44', '登录：13048814716', '2020-07-14 16:58:16', '2020-07-14 16:58:16'),
(241, '新增', '13048814716', '112.97.53.44', '{\"0\":\"tradeBuyAdd\",\"number\":\"5\",\"price\":\"0.2\",\"orderNumber\":\"30\",\"s\":\"\\/admin\\/tradeBuyAdd\"}', '2020-07-14 16:58:36', '2020-07-14 16:58:36'),
(242, '新增', '13048814716', '112.97.53.44', '{\"0\":\"tradeBuyAdd\",\"number\":\"10\",\"price\":\"0.2\",\"orderNumber\":\"30\",\"s\":\"\\/admin\\/tradeBuyAdd\"}', '2020-07-14 16:58:50', '2020-07-14 16:58:50'),
(243, '新增', '13048814716', '112.97.53.44', '{\"0\":\"tradeBuyAdd\",\"number\":\"50\",\"price\":\"0.2\",\"orderNumber\":\"30\",\"s\":\"\\/admin\\/tradeBuyAdd\"}', '2020-07-14 16:59:04', '2020-07-14 16:59:04'),
(244, '新增', '13048814716', '112.97.53.44', '{\"0\":\"tradeBuyAdd\",\"number\":\"100\",\"price\":\"0.2\",\"orderNumber\":\"20\",\"s\":\"\\/admin\\/tradeBuyAdd\"}', '2020-07-14 16:59:18', '2020-07-14 16:59:18'),
(245, '新增', '13048814716', '112.97.53.44', '{\"0\":\"tradeBuyAdd\",\"number\":\"200\",\"price\":\"0.2\",\"orderNumber\":\"20\",\"s\":\"\\/admin\\/tradeBuyAdd\"}', '2020-07-14 16:59:32', '2020-07-14 16:59:32'),
(246, '登录', '13048814716', '119.122.112.250', '登录：13048814716', '2020-07-15 03:08:54', '2020-07-15 03:08:54'),
(247, '登录', '13048814716', '119.122.112.250', '登录：13048814716', '2020-07-15 07:29:15', '2020-07-15 07:29:15'),
(248, '登录', '13048814716', '112.97.60.214', '登录：13048814716', '2020-07-16 01:06:28', '2020-07-16 01:06:28'),
(249, '新增', '13048814716', '112.97.60.214', '{\"0\":\"tradeBuyAdd\",\"number\":\"5\",\"price\":\"0.21\",\"orderNumber\":\"30\",\"s\":\"\\/admin\\/tradeBuyAdd\"}', '2020-07-16 01:06:52', '2020-07-16 01:06:52'),
(250, '新增', '13048814716', '112.97.60.214', '{\"0\":\"tradeBuyAdd\",\"number\":\"10\",\"price\":\"0.21\",\"orderNumber\":\"30\",\"s\":\"\\/admin\\/tradeBuyAdd\"}', '2020-07-16 01:07:04', '2020-07-16 01:07:04'),
(251, '新增', '13048814716', '112.97.60.214', '{\"0\":\"tradeBuyAdd\",\"number\":\"50\",\"price\":\"0.21\",\"orderNumber\":\"30\",\"s\":\"\\/admin\\/tradeBuyAdd\"}', '2020-07-16 01:07:17', '2020-07-16 01:07:17'),
(252, '新增', '13048814716', '112.97.60.214', '{\"0\":\"tradeBuyAdd\",\"number\":\"100\",\"price\":\"0.21\",\"orderNumber\":\"20\",\"s\":\"\\/admin\\/tradeBuyAdd\"}', '2020-07-16 01:07:29', '2020-07-16 01:07:29'),
(253, '新增', '13048814716', '112.97.60.214', '{\"0\":\"tradeBuyAdd\",\"number\":\"200\",\"price\":\"0.21\",\"orderNumber\":\"20\",\"s\":\"\\/admin\\/tradeBuyAdd\"}', '2020-07-16 01:07:41', '2020-07-16 01:07:41'),
(254, '登录', '13048814716', '119.122.112.250', '登录：13048814716', '2020-07-16 08:04:32', '2020-07-16 08:04:32'),
(255, '登录', '13048814716', '112.97.59.34', '登录：13048814716', '2020-07-17 01:01:59', '2020-07-17 01:01:59'),
(256, '新增', '13048814716', '112.97.59.34', '{\"0\":\"tradeBuyAdd\",\"number\":\"5\",\"price\":\"0.22\",\"orderNumber\":\"30\",\"s\":\"\\/admin\\/tradeBuyAdd\"}', '2020-07-17 01:02:16', '2020-07-17 01:02:16'),
(257, '新增', '13048814716', '112.97.59.34', '{\"0\":\"tradeBuyAdd\",\"number\":\"10\",\"price\":\"0.22\",\"orderNumber\":\"30\",\"s\":\"\\/admin\\/tradeBuyAdd\"}', '2020-07-17 01:02:31', '2020-07-17 01:02:31'),
(258, '新增', '13048814716', '112.97.59.34', '{\"0\":\"tradeBuyAdd\",\"number\":\"50\",\"price\":\"0.22\",\"orderNumber\":\"30\",\"s\":\"\\/admin\\/tradeBuyAdd\"}', '2020-07-17 01:02:42', '2020-07-17 01:02:42'),
(259, '新增', '13048814716', '112.97.59.34', '{\"0\":\"tradeBuyAdd\",\"number\":\"100\",\"price\":\"0.22\",\"orderNumber\":\"20\",\"s\":\"\\/admin\\/tradeBuyAdd\"}', '2020-07-17 01:02:54', '2020-07-17 01:02:54'),
(260, '新增', '13048814716', '112.97.59.34', '{\"0\":\"tradeBuyAdd\",\"number\":\"200\",\"price\":\"0.22\",\"orderNumber\":\"20\",\"s\":\"\\/admin\\/tradeBuyAdd\"}', '2020-07-17 01:03:06', '2020-07-17 01:03:06'),
(261, '更新', '13048814716', '112.97.59.34', '{\"0\":\"memberRealNameCheckEdit\",\"memberId\":\"17\",\"auth_status\":\"1\",\"s\":\"\\/admin\\/memberRealNameCheckEdit\"}', '2020-07-17 01:04:21', '2020-07-17 01:04:21'),
(262, '登录', '13048814716', '119.122.112.250', '登录：13048814716', '2020-07-17 02:24:23', '2020-07-17 02:24:23'),
(263, '登录', '13048814716', '119.122.112.250', '登录：13048814716', '2020-07-17 02:27:49', '2020-07-17 02:27:49'),
(264, '登录', '13048814716', '112.97.60.231', '登录：13048814716', '2020-07-18 01:12:26', '2020-07-18 01:12:26'),
(265, '新增', '13048814716', '112.97.60.231', '{\"0\":\"tradeBuyAdd\",\"number\":\"5\",\"price\":\"0.23\",\"orderNumber\":\"30\",\"s\":\"\\/admin\\/tradeBuyAdd\"}', '2020-07-18 01:12:43', '2020-07-18 01:12:43'),
(266, '新增', '13048814716', '112.97.60.231', '{\"0\":\"tradeBuyAdd\",\"number\":\"10\",\"price\":\"0.23\",\"orderNumber\":\"30\",\"s\":\"\\/admin\\/tradeBuyAdd\"}', '2020-07-18 01:12:56', '2020-07-18 01:12:56'),
(267, '新增', '13048814716', '112.97.60.231', '{\"0\":\"tradeBuyAdd\",\"number\":\"50\",\"price\":\"0.23\",\"orderNumber\":\"30\",\"s\":\"\\/admin\\/tradeBuyAdd\"}', '2020-07-18 01:13:08', '2020-07-18 01:13:08'),
(268, '新增', '13048814716', '112.97.60.231', '{\"0\":\"tradeBuyAdd\",\"number\":\"100\",\"price\":\"0.23\",\"orderNumber\":\"20\",\"s\":\"\\/admin\\/tradeBuyAdd\"}', '2020-07-18 01:13:19', '2020-07-18 01:13:19'),
(269, '新增', '13048814716', '112.97.60.231', '{\"0\":\"tradeBuyAdd\",\"number\":\"200\",\"price\":\"0.23\",\"orderNumber\":\"20\",\"s\":\"\\/admin\\/tradeBuyAdd\"}', '2020-07-18 01:13:32', '2020-07-18 01:13:32'),
(270, '登录', '13048814716', '112.97.60.231', '登录：13048814716', '2020-07-18 16:16:35', '2020-07-18 16:16:35'),
(271, '新增', '13048814716', '112.97.60.231', '{\"0\":\"tradeBuyAdd\",\"number\":\"5\",\"price\":\"0.24\",\"orderNumber\":\"30\",\"s\":\"\\/admin\\/tradeBuyAdd\"}', '2020-07-18 16:16:51', '2020-07-18 16:16:51'),
(272, '新增', '13048814716', '112.97.60.231', '{\"0\":\"tradeBuyAdd\",\"number\":\"10\",\"price\":\"0.24\",\"orderNumber\":\"30\",\"s\":\"\\/admin\\/tradeBuyAdd\"}', '2020-07-18 16:16:58', '2020-07-18 16:16:58'),
(273, '新增', '13048814716', '112.97.60.231', '{\"0\":\"tradeBuyAdd\",\"number\":\"50\",\"price\":\"0.24\",\"orderNumber\":\"30\",\"s\":\"\\/admin\\/tradeBuyAdd\"}', '2020-07-18 16:17:05', '2020-07-18 16:17:05'),
(274, '新增', '13048814716', '112.97.60.231', '{\"0\":\"tradeBuyAdd\",\"number\":\"100\",\"price\":\"0.24\",\"orderNumber\":\"20\",\"s\":\"\\/admin\\/tradeBuyAdd\"}', '2020-07-18 16:17:11', '2020-07-18 16:17:11'),
(275, '新增', '13048814716', '112.97.60.231', '{\"0\":\"tradeBuyAdd\",\"number\":\"200\",\"price\":\"0.24\",\"orderNumber\":\"20\",\"s\":\"\\/admin\\/tradeBuyAdd\"}', '2020-07-18 16:17:17', '2020-07-18 16:17:17'),
(276, '更新', '13048814716', '112.97.60.231', '{\"0\":\"memberRealNameCheckEdit\",\"memberId\":\"21\",\"auth_status\":\"1\",\"s\":\"\\/admin\\/memberRealNameCheckEdit\"}', '2020-07-18 16:17:51', '2020-07-18 16:17:51'),
(277, '登录', '13048814716', '112.97.50.126', '登录：13048814716', '2020-07-19 05:23:42', '2020-07-19 05:23:42'),
(278, '登录', '13048814716', '113.116.193.30', '登录：13048814716', '2020-07-20 02:01:37', '2020-07-20 02:01:37'),
(279, '新增', '13048814716', '113.116.193.30', '{\"0\":\"tradeBuyAdd\",\"number\":\"5\",\"price\":\"0.25\",\"orderNumber\":\"30\",\"s\":\"\\/admin\\/tradeBuyAdd\"}', '2020-07-20 02:01:50', '2020-07-20 02:01:50'),
(280, '新增', '13048814716', '113.116.193.30', '{\"0\":\"tradeBuyAdd\",\"number\":\"10\",\"price\":\"0.25\",\"orderNumber\":\"30\",\"s\":\"\\/admin\\/tradeBuyAdd\"}', '2020-07-20 02:01:58', '2020-07-20 02:01:58'),
(281, '新增', '13048814716', '113.116.193.30', '{\"0\":\"tradeBuyAdd\",\"number\":\"50\",\"price\":\"0.25\",\"orderNumber\":\"30\",\"s\":\"\\/admin\\/tradeBuyAdd\"}', '2020-07-20 02:02:06', '2020-07-20 02:02:06'),
(282, '新增', '13048814716', '113.116.193.30', '{\"0\":\"tradeBuyAdd\",\"number\":\"100\",\"price\":\"0.25\",\"orderNumber\":\"30\",\"s\":\"\\/admin\\/tradeBuyAdd\"}', '2020-07-20 02:02:15', '2020-07-20 02:02:15'),
(283, '新增', '13048814716', '113.116.193.30', '{\"0\":\"tradeBuyAdd\",\"number\":\"200\",\"price\":\"0.25\",\"orderNumber\":\"30\",\"s\":\"\\/admin\\/tradeBuyAdd\"}', '2020-07-20 02:02:23', '2020-07-20 02:02:23'),
(284, '更新', '13048814716', '113.116.193.30', '{\"0\":\"memberAssetsBlockEdit\",\"blockNumber\":\"-19.5\",\"s\":\"\\/admin\\/memberAssetsBlockEdit\"}', '2020-07-20 02:26:32', '2020-07-20 02:26:32'),
(285, '登录', '13048814716', '113.116.193.30', '登录：13048814716', '2020-07-20 08:02:15', '2020-07-20 08:02:15'),
(286, '登录', '13048814716', '112.97.63.68', '登录：13048814716', '2020-07-20 16:59:21', '2020-07-20 16:59:21'),
(287, '新增', '13048814716', '112.97.63.68', '{\"0\":\"tradeBuyAdd\",\"number\":\"5\",\"price\":\"0.26\",\"orderNumber\":\"30\",\"s\":\"\\/admin\\/tradeBuyAdd\"}', '2020-07-20 16:59:40', '2020-07-20 16:59:40'),
(288, '新增', '13048814716', '112.97.63.68', '{\"0\":\"tradeBuyAdd\",\"number\":\"10\",\"price\":\"0.26\",\"orderNumber\":\"30\",\"s\":\"\\/admin\\/tradeBuyAdd\"}', '2020-07-20 16:59:50', '2020-07-20 16:59:50'),
(289, '新增', '13048814716', '112.97.63.68', '{\"0\":\"tradeBuyAdd\",\"number\":\"50\",\"price\":\"0.26\",\"orderNumber\":\"30\",\"s\":\"\\/admin\\/tradeBuyAdd\"}', '2020-07-20 17:00:00', '2020-07-20 17:00:00'),
(290, '新增', '13048814716', '112.97.63.68', '{\"0\":\"tradeBuyAdd\",\"number\":\"100\",\"price\":\"0.26\",\"orderNumber\":\"30\",\"s\":\"\\/admin\\/tradeBuyAdd\"}', '2020-07-20 17:00:10', '2020-07-20 17:00:10'),
(291, '新增', '13048814716', '112.97.63.68', '{\"0\":\"tradeBuyAdd\",\"number\":\"200\",\"price\":\"0.26\",\"orderNumber\":\"30\",\"s\":\"\\/admin\\/tradeBuyAdd\"}', '2020-07-20 17:00:21', '2020-07-20 17:00:21'),
(292, '登录', '13048814716', '112.97.49.234', '登录：13048814716', '2020-07-21 04:18:10', '2020-07-21 04:18:10'),
(293, '登录', '13048814716', '112.97.49.234', '登录：13048814716', '2020-07-21 04:19:27', '2020-07-21 04:19:27'),
(294, '登录', '13048814716', '112.97.49.234', '登录：13048814716', '2020-07-21 07:34:55', '2020-07-21 07:34:55'),
(295, '登录', '13048814716', '112.97.49.234', '登录：13048814716', '2020-07-21 16:55:31', '2020-07-21 16:55:31'),
(296, '新增', '13048814716', '112.97.49.234', '{\"0\":\"tradeBuyAdd\",\"number\":\"5\",\"price\":\"0.27\",\"orderNumber\":\"30\",\"s\":\"\\/admin\\/tradeBuyAdd\"}', '2020-07-21 16:55:54', '2020-07-21 16:55:54'),
(297, '新增', '13048814716', '112.97.49.234', '{\"0\":\"tradeBuyAdd\",\"number\":\"10\",\"price\":\"0.27\",\"orderNumber\":\"30\",\"s\":\"\\/admin\\/tradeBuyAdd\"}', '2020-07-21 16:56:01', '2020-07-21 16:56:01'),
(298, '新增', '13048814716', '112.97.49.234', '{\"0\":\"tradeBuyAdd\",\"number\":\"50\",\"price\":\"0.27\",\"orderNumber\":\"30\",\"s\":\"\\/admin\\/tradeBuyAdd\"}', '2020-07-21 16:56:07', '2020-07-21 16:56:07'),
(299, '新增', '13048814716', '112.97.49.234', '{\"0\":\"tradeBuyAdd\",\"number\":\"100\",\"price\":\"0.27\",\"orderNumber\":\"30\",\"s\":\"\\/admin\\/tradeBuyAdd\"}', '2020-07-21 16:56:14', '2020-07-21 16:56:14'),
(300, '新增', '13048814716', '112.97.49.234', '{\"0\":\"tradeBuyAdd\",\"number\":\"200\",\"price\":\"0.27\",\"orderNumber\":\"30\",\"s\":\"\\/admin\\/tradeBuyAdd\"}', '2020-07-21 16:56:20', '2020-07-21 16:56:20'),
(301, '登录', '13048814716', '112.97.49.234', '登录：13048814716', '2020-07-22 18:03:51', '2020-07-22 18:03:51'),
(302, '新增', '13048814716', '112.97.49.234', '{\"0\":\"tradeBuyAdd\",\"number\":\"5\",\"price\":\"0.28\",\"orderNumber\":\"30\",\"s\":\"\\/admin\\/tradeBuyAdd\"}', '2020-07-22 18:04:02', '2020-07-22 18:04:02'),
(303, '新增', '13048814716', '112.97.49.234', '{\"0\":\"tradeBuyAdd\",\"number\":\"10\",\"price\":\"0.28\",\"orderNumber\":\"30\",\"s\":\"\\/admin\\/tradeBuyAdd\"}', '2020-07-22 18:04:11', '2020-07-22 18:04:11'),
(304, '新增', '13048814716', '112.97.49.234', '{\"0\":\"tradeBuyAdd\",\"number\":\"50\",\"price\":\"0.28\",\"orderNumber\":\"30\",\"s\":\"\\/admin\\/tradeBuyAdd\"}', '2020-07-22 18:04:22', '2020-07-22 18:04:22'),
(305, '新增', '13048814716', '112.97.49.234', '{\"0\":\"tradeBuyAdd\",\"number\":\"100\",\"price\":\"0.28\",\"orderNumber\":\"30\",\"s\":\"\\/admin\\/tradeBuyAdd\"}', '2020-07-22 18:04:33', '2020-07-22 18:04:33'),
(306, '新增', '13048814716', '112.97.49.234', '{\"0\":\"tradeBuyAdd\",\"number\":\"200\",\"price\":\"0.28\",\"orderNumber\":\"30\",\"s\":\"\\/admin\\/tradeBuyAdd\"}', '2020-07-22 18:04:41', '2020-07-22 18:04:41'),
(307, '登录', '13048814716', '112.97.49.234', '登录：13048814716', '2020-07-23 04:57:05', '2020-07-23 04:57:05'),
(308, '更新', '13048814716', '112.97.49.234', '{\"0\":\"memberAssetsBlockEdit\",\"blockNumber\":\"-6.5\",\"s\":\"\\/admin\\/memberAssetsBlockEdit\"}', '2020-07-23 05:35:58', '2020-07-23 05:35:58'),
(309, '更新', '13048814716', '112.97.49.234', '{\"0\":\"memberAssetsBlockEdit\",\"blockNumber\":\"-19.5\",\"s\":\"\\/admin\\/memberAssetsBlockEdit\"}', '2020-07-23 06:16:14', '2020-07-23 06:16:14'),
(310, '更新', '13048814716', '112.97.49.234', '{\"0\":\"memberAssetsRechargeEdit\",\"balance\":\"-0.97\",\"rewards\":null,\"s\":\"\\/admin\\/memberAssetsRechargeEdit\"}', '2020-07-23 07:26:00', '2020-07-23 07:26:00'),
(311, '更新', '13048814716', '112.97.49.234', '{\"0\":\"memberAssetsRechargeEdit\",\"balance\":\"100\",\"rewards\":null,\"s\":\"\\/admin\\/memberAssetsRechargeEdit\"}', '2020-07-23 07:26:08', '2020-07-23 07:26:08'),
(312, '登录', '13048814716', '112.97.53.217', '登录：13048814716', '2020-07-24 03:12:09', '2020-07-24 03:12:09'),
(313, '新增', '13048814716', '112.97.53.217', '{\"0\":\"tradeBuyAdd\",\"number\":\"5\",\"price\":\"0.29\",\"orderNumber\":\"30\",\"s\":\"\\/admin\\/tradeBuyAdd\"}', '2020-07-24 03:12:31', '2020-07-24 03:12:31'),
(314, '新增', '13048814716', '112.97.53.217', '{\"0\":\"tradeBuyAdd\",\"number\":\"10\",\"price\":\"0.29\",\"orderNumber\":\"30\",\"s\":\"\\/admin\\/tradeBuyAdd\"}', '2020-07-24 03:12:44', '2020-07-24 03:12:44'),
(315, '新增', '13048814716', '112.97.53.217', '{\"0\":\"tradeBuyAdd\",\"number\":\"50\",\"price\":\"0.29\",\"orderNumber\":\"30\",\"s\":\"\\/admin\\/tradeBuyAdd\"}', '2020-07-24 03:12:57', '2020-07-24 03:12:57'),
(316, '新增', '13048814716', '112.97.53.217', '{\"0\":\"tradeBuyAdd\",\"number\":\"100\",\"price\":\"0.29\",\"orderNumber\":\"30\",\"s\":\"\\/admin\\/tradeBuyAdd\"}', '2020-07-24 03:13:09', '2020-07-24 03:13:09'),
(317, '新增', '13048814716', '112.97.53.217', '{\"0\":\"tradeBuyAdd\",\"number\":\"200\",\"price\":\"0.29\",\"orderNumber\":\"30\",\"s\":\"\\/admin\\/tradeBuyAdd\"}', '2020-07-24 03:13:20', '2020-07-24 03:13:20'),
(318, '更新', '13048814716', '112.97.53.217', '{\"0\":\"memberRealNameCheckEdit\",\"memberId\":\"22\",\"auth_status\":\"1\",\"s\":\"\\/admin\\/memberRealNameCheckEdit\"}', '2020-07-24 03:14:11', '2020-07-24 03:14:11'),
(319, '登录', '13048814716', '112.97.53.217', '登录：13048814716', '2020-07-24 15:55:21', '2020-07-24 15:55:21'),
(320, '新增', '13048814716', '112.97.53.217', '{\"0\":\"tradeBuyAdd\",\"number\":\"5\",\"price\":\"0.29\",\"orderNumber\":\"30\",\"s\":\"\\/admin\\/tradeBuyAdd\"}', '2020-07-24 16:26:17', '2020-07-24 16:26:17'),
(321, '新增', '13048814716', '112.97.53.217', '{\"0\":\"tradeBuyAdd\",\"number\":\"10\",\"price\":\"0.29\",\"orderNumber\":\"30\",\"s\":\"\\/admin\\/tradeBuyAdd\"}', '2020-07-24 16:26:27', '2020-07-24 16:26:27'),
(322, '新增', '13048814716', '112.97.53.217', '{\"0\":\"tradeBuyAdd\",\"number\":\"50\",\"price\":\"0.29\",\"orderNumber\":\"30\",\"s\":\"\\/admin\\/tradeBuyAdd\"}', '2020-07-24 16:26:35', '2020-07-24 16:26:35'),
(323, '新增', '13048814716', '112.97.53.217', '{\"0\":\"tradeBuyAdd\",\"number\":\"100\",\"price\":\"0.29\",\"orderNumber\":\"30\",\"s\":\"\\/admin\\/tradeBuyAdd\"}', '2020-07-24 16:26:43', '2020-07-24 16:26:43'),
(324, '新增', '13048814716', '112.97.53.217', '{\"0\":\"tradeBuyAdd\",\"number\":\"200\",\"price\":\"0.29\",\"orderNumber\":\"30\",\"s\":\"\\/admin\\/tradeBuyAdd\"}', '2020-07-24 16:26:51', '2020-07-24 16:26:51'),
(325, '登录', '13048814716', '112.97.53.217', '登录：13048814716', '2020-07-26 05:10:23', '2020-07-26 05:10:23'),
(326, '新增', '13048814716', '112.97.53.217', '{\"0\":\"tradeBuyAdd\",\"number\":\"5\",\"price\":\"0.31\",\"orderNumber\":\"30\",\"s\":\"\\/admin\\/tradeBuyAdd\"}', '2020-07-26 05:10:33', '2020-07-26 05:10:33'),
(327, '新增', '13048814716', '112.97.53.217', '{\"0\":\"tradeBuyAdd\",\"number\":\"10\",\"price\":\"0.31\",\"orderNumber\":\"30\",\"s\":\"\\/admin\\/tradeBuyAdd\"}', '2020-07-26 05:10:41', '2020-07-26 05:10:41'),
(328, '新增', '13048814716', '112.97.53.217', '{\"0\":\"tradeBuyAdd\",\"number\":\"50\",\"price\":\"0.31\",\"orderNumber\":\"30\",\"s\":\"\\/admin\\/tradeBuyAdd\"}', '2020-07-26 05:10:51', '2020-07-26 05:10:51'),
(329, '新增', '13048814716', '112.97.53.217', '{\"0\":\"tradeBuyAdd\",\"number\":\"100\",\"price\":\"0.31\",\"orderNumber\":\"30\",\"s\":\"\\/admin\\/tradeBuyAdd\"}', '2020-07-26 05:10:59', '2020-07-26 05:10:59'),
(330, '新增', '13048814716', '112.97.53.217', '{\"0\":\"tradeBuyAdd\",\"number\":\"200\",\"price\":\"0.31\",\"orderNumber\":\"30\",\"s\":\"\\/admin\\/tradeBuyAdd\"}', '2020-07-26 05:11:05', '2020-07-26 05:11:05'),
(331, '登录', '13048814716', '112.97.53.217', '登录：13048814716', '2020-07-26 07:55:21', '2020-07-26 07:55:21'),
(332, '登录', '13048814716', '113.116.193.5', '登录：13048814716', '2020-07-27 02:25:04', '2020-07-27 02:25:04'),
(333, '登录', '13048814716', '113.116.193.5', '登录：13048814716', '2020-07-27 02:25:11', '2020-07-27 02:25:11'),
(334, '新增', '13048814716', '113.116.193.5', '{\"0\":\"tradeBuyAdd\",\"number\":\"5\",\"price\":\"0.32\",\"orderNumber\":\"30\",\"s\":\"\\/admin\\/tradeBuyAdd\"}', '2020-07-27 02:25:24', '2020-07-27 02:25:24'),
(335, '新增', '13048814716', '113.116.193.5', '{\"0\":\"tradeBuyAdd\",\"number\":\"10\",\"price\":\"0.32\",\"orderNumber\":\"30\",\"s\":\"\\/admin\\/tradeBuyAdd\"}', '2020-07-27 02:25:31', '2020-07-27 02:25:31'),
(336, '新增', '13048814716', '113.116.193.5', '{\"0\":\"tradeBuyAdd\",\"number\":\"50\",\"price\":\"0.32\",\"orderNumber\":\"30\",\"s\":\"\\/admin\\/tradeBuyAdd\"}', '2020-07-27 02:25:39', '2020-07-27 02:25:39'),
(337, '新增', '13048814716', '113.116.193.5', '{\"0\":\"tradeBuyAdd\",\"number\":\"100\",\"price\":\"0.32\",\"orderNumber\":\"30\",\"s\":\"\\/admin\\/tradeBuyAdd\"}', '2020-07-27 02:25:47', '2020-07-27 02:25:47'),
(338, '新增', '13048814716', '113.116.193.5', '{\"0\":\"tradeBuyAdd\",\"number\":\"200\",\"price\":\"0.32\",\"orderNumber\":\"30\",\"s\":\"\\/admin\\/tradeBuyAdd\"}', '2020-07-27 02:25:55', '2020-07-27 02:25:55'),
(339, '登录', '13048814716', '113.116.194.113', '登录：13048814716', '2020-07-28 01:46:02', '2020-07-28 01:46:02'),
(340, '新增', '13048814716', '113.116.194.113', '{\"0\":\"tradeBuyAdd\",\"number\":\"5\",\"price\":\"0.33\",\"orderNumber\":\"30\",\"s\":\"\\/admin\\/tradeBuyAdd\"}', '2020-07-28 01:46:16', '2020-07-28 01:46:16'),
(341, '新增', '13048814716', '113.116.194.113', '{\"0\":\"tradeBuyAdd\",\"number\":\"10\",\"price\":\"0.33\",\"orderNumber\":\"30\",\"s\":\"\\/admin\\/tradeBuyAdd\"}', '2020-07-28 01:46:24', '2020-07-28 01:46:24'),
(342, '新增', '13048814716', '113.116.194.113', '{\"0\":\"tradeBuyAdd\",\"number\":\"50\",\"price\":\"0.33\",\"orderNumber\":\"30\",\"s\":\"\\/admin\\/tradeBuyAdd\"}', '2020-07-28 01:46:35', '2020-07-28 01:46:35'),
(343, '新增', '13048814716', '113.116.194.113', '{\"0\":\"tradeBuyAdd\",\"number\":\"100\",\"price\":\"0.33\",\"orderNumber\":\"30\",\"s\":\"\\/admin\\/tradeBuyAdd\"}', '2020-07-28 01:46:42', '2020-07-28 01:46:42'),
(344, '新增', '13048814716', '113.116.194.113', '{\"0\":\"tradeBuyAdd\",\"number\":\"200\",\"price\":\"0.33\",\"orderNumber\":\"30\",\"s\":\"\\/admin\\/tradeBuyAdd\"}', '2020-07-28 01:46:48', '2020-07-28 01:46:48'),
(345, '登录', '13048814716', '112.97.57.70', '登录：13048814716', '2020-07-28 16:06:52', '2020-07-28 16:06:52'),
(346, '新增', '13048814716', '112.97.57.70', '{\"0\":\"tradeBuyAdd\",\"number\":\"5\",\"price\":\"0.34\",\"orderNumber\":\"30\",\"s\":\"\\/admin\\/tradeBuyAdd\"}', '2020-07-28 16:07:16', '2020-07-28 16:07:16'),
(347, '新增', '13048814716', '112.97.57.70', '{\"0\":\"tradeBuyAdd\",\"number\":\"10\",\"price\":\"0.34\",\"orderNumber\":\"30\",\"s\":\"\\/admin\\/tradeBuyAdd\"}', '2020-07-28 16:07:28', '2020-07-28 16:07:28'),
(348, '新增', '13048814716', '112.97.57.70', '{\"0\":\"tradeBuyAdd\",\"number\":\"50\",\"price\":\"0.34\",\"orderNumber\":\"30\",\"s\":\"\\/admin\\/tradeBuyAdd\"}', '2020-07-28 16:08:11', '2020-07-28 16:08:11'),
(349, '新增', '13048814716', '112.97.57.70', '{\"0\":\"tradeBuyAdd\",\"number\":\"50\",\"price\":\"0.34\",\"orderNumber\":\"30\",\"s\":\"\\/admin\\/tradeBuyAdd\"}', '2020-07-28 16:08:15', '2020-07-28 16:08:15'),
(350, '新增', '13048814716', '112.97.57.70', '{\"0\":\"tradeBuyAdd\",\"number\":\"100\",\"price\":\"0.34\",\"orderNumber\":\"30\",\"s\":\"\\/admin\\/tradeBuyAdd\"}', '2020-07-28 16:08:21', '2020-07-28 16:08:21'),
(351, '新增', '13048814716', '112.97.57.70', '{\"0\":\"tradeBuyAdd\",\"number\":\"200\",\"price\":\"0.34\",\"orderNumber\":\"30\",\"s\":\"\\/admin\\/tradeBuyAdd\"}', '2020-07-28 16:08:31', '2020-07-28 16:08:31'),
(352, '登录', '13048814716', '113.116.194.113', '登录：13048814716', '2020-07-29 07:40:19', '2020-07-29 07:40:19');

-- --------------------------------------------------------

--
-- 表的结构 `system_notices`
--

CREATE TABLE `system_notices` (
  `id` int(11) NOT NULL,
  `tittle` varchar(50) NOT NULL,
  `content` varchar(10000) NOT NULL,
  `created_at` timestamp NOT NULL DEFAULT CURRENT_TIMESTAMP,
  `updated_at` timestamp NULL DEFAULT NULL
) ENGINE=MyISAM DEFAULT CHARSET=utf8;

--
-- 转存表中的数据 `system_notices`
--

INSERT INTO `system_notices` (`id`, `tittle`, `content`, `created_at`, `updated_at`) VALUES
(4, '交易规则', '<ul class=\" list-paddingleft-2\" style=\"list-style-type: disc;\"><li><p>开盘价$0.1，每天上涨$0.01</p></li><li><p>实名认证送1台微型矿机</p></li><li><p>没有矿机运行，无法卖出</p></li><li><p>超过2小时不付款，信用减2，交易自动取消</p></li><li><p>上传假图或者少付款，被投诉直接封号，信用减6<br/></p></li><li><p>信用低于96，无法卖出，买一次币信用加1</p></li></ul><p><br/></p><p>升级规则：</p><table><tbody><tr class=\"firstRow\"><td valign=\"top\" colspan=\"1\" rowspan=\"1\" width=\"87\" style=\"word-break: break-all;\">等级</td><td valign=\"top\" colspan=\"1\" rowspan=\"1\" width=\"155\" style=\"word-break: break-all;\">要求</td><td valign=\"top\" colspan=\"1\" rowspan=\"1\" width=\"106\" style=\"word-break: break-all;\">每天卖出次数</td></tr><tr><td valign=\"top\" colspan=\"1\" rowspan=\"1\" width=\"87\" style=\"word-break: break-all;\">一级会员</td><td valign=\"top\" colspan=\"1\" rowspan=\"1\" width=\"155\" style=\"word-break: break-all;\">有微型云矿机在运行</td><td valign=\"top\" colspan=\"1\" rowspan=\"1\" width=\"106\" style=\"word-break: break-all;\">1</td></tr><tr><td valign=\"top\" colspan=\"1\" rowspan=\"1\" width=\"87\" style=\"word-break: break-all;\">二级会员</td><td valign=\"top\" colspan=\"1\" rowspan=\"1\" width=\"155\" style=\"word-break: break-all;\">有小型云矿机在运行</td><td valign=\"top\" colspan=\"1\" rowspan=\"1\" width=\"106\" style=\"word-break: break-all;\">1</td></tr><tr><td valign=\"top\" colspan=\"1\" rowspan=\"1\" width=\"87\" style=\"word-break: break-all;\">三级会员</td><td valign=\"top\" colspan=\"1\" rowspan=\"1\" width=\"155\" style=\"word-break: break-all;\">有中型云矿机在运行</td><td valign=\"top\" colspan=\"1\" rowspan=\"1\" width=\"106\" style=\"word-break: break-all;\">2</td></tr><tr><td valign=\"top\" colspan=\"1\" rowspan=\"1\" width=\"87\" style=\"word-break: break-all;\">四级会员</td><td valign=\"top\" colspan=\"1\" rowspan=\"1\" width=\"155\" style=\"word-break: break-all;\">有大型云矿机在运行</td><td valign=\"top\" colspan=\"1\" rowspan=\"1\" width=\"106\" style=\"word-break: break-all;\">3</td></tr><tr><td valign=\"top\" colspan=\"1\" rowspan=\"1\" width=\"87\" style=\"word-break: break-all;\">五级会员</td><td valign=\"top\" colspan=\"1\" rowspan=\"1\" width=\"155\" style=\"word-break: break-all;\">有超级云矿机在运行</td><td valign=\"top\" colspan=\"1\" rowspan=\"1\" width=\"106\" style=\"word-break: break-all;\">不限制</td></tr></tbody></table><p><br/></p>', '2020-01-02 09:39:53', '2020-07-03 06:21:56'),
(18, '推广奖励规则', '<ul class=\" list-paddingleft-2\" style=\"list-style-type: disc;\"><li><p>直推奖励：</p><table><tbody><tr class=\"firstRow\"><td width=\"91\" valign=\"top\" style=\"word-break: break-all;\">直推人数</td><td width=\"124\" valign=\"top\" style=\"word-break: break-all;\">团队算力</td><td width=\"153\" valign=\"top\" style=\"word-break: break-all;\">奖励</td></tr><tr><td width=\"91\" valign=\"top\" style=\"word-break: break-all;\">10</td><td width=\"124\" valign=\"top\" style=\"word-break: break-all;\">1G</td><td width=\"153\" valign=\"top\" style=\"word-break: break-all;\">微型云矿机</td></tr><tr><td width=\"91\" valign=\"top\" style=\"word-break: break-all;\">30</td><td width=\"124\" valign=\"top\" style=\"word-break: break-all;\">30G</td><td width=\"153\" valign=\"top\" style=\"word-break: break-all;\">小型云矿机</td></tr><tr><td width=\"91\" valign=\"top\" style=\"word-break: break-all;\">60</td><td width=\"124\" valign=\"top\" style=\"word-break: break-all;\">600G</td><td width=\"153\" valign=\"top\" style=\"word-break: break-all;\">中型云矿机</td></tr><tr><td width=\"91\" valign=\"top\" style=\"word-break: break-all;\">100</td><td width=\"124\" valign=\"top\" style=\"word-break: break-all;\">10000G</td><td width=\"153\" valign=\"top\" style=\"word-break: break-all;\">大型云矿机</td></tr></tbody></table><p><br/></p></li><li><p>疯狂奖励：</p><p>获得直推买币的1%，可直接卖出</p><p><br/></p></li><li><p>等级烧伤：</p><p>低于直推的等级，无法获得以上所有奖励</p></li></ul>', '2020-06-03 08:03:48', '2020-06-09 07:08:43'),
(19, '最新活动', '<p>前2000名注册会员，送2台微型云矿机，之后恢复送1台微矿！</p>', '2020-07-03 06:24:14', '2020-07-07 11:42:50');

-- --------------------------------------------------------

--
-- 表的结构 `system_settings`
--

CREATE TABLE `system_settings` (
  `id` int(11) NOT NULL,
  `tittle` varchar(50) NOT NULL COMMENT 'key',
  `value` varchar(50) NOT NULL,
  `describes` varchar(100) DEFAULT NULL COMMENT '描述',
  `input_type` varchar(20) NOT NULL DEFAULT 'text' COMMENT '元素类型',
  `created_at` timestamp NOT NULL DEFAULT CURRENT_TIMESTAMP,
  `updated_at` timestamp NULL DEFAULT NULL
) ENGINE=MyISAM DEFAULT CHARSET=utf8;

--
-- 转存表中的数据 `system_settings`
--

INSERT INTO `system_settings` (`id`, `tittle`, `value`, `describes`, `input_type`, `created_at`, `updated_at`) VALUES
(4, 'trade_handling_charge', '0.3', '交易手续费(100%)', 'text', '2019-11-24 14:34:49', '2020-07-19 05:28:42'),
(5, 'realname_reward_miner_number', '2', '实名认证赠送的矿机数量（台）', 'text', '2019-11-24 14:34:49', '2020-07-19 05:28:42'),
(23, 'share_reward', 'on', '开启分享好友奖励（矿机）', 'switch', '2020-05-14 14:46:54', '2020-07-19 05:28:42'),
(14, 'level_constraint', 'on', '等级烧伤制度', 'switch', '2019-12-03 06:46:23', '2020-07-19 05:28:42'),
(24, 'subordinate_buy_reward_rate', '0.01', '直推买币奖励比例(100%)', 'text', '2019-12-03 06:46:23', '2020-07-19 05:28:42'),
(16, 'coin_price_step', '0.01', '币价每天上涨幅度($)', 'text', '2019-12-03 06:46:23', '2020-07-19 05:28:42'),
(22, 'qiandao_give_coin', '0.01', '签到赠送币(HTC)', 'text', '2020-05-14 07:24:28', '2020-07-19 05:28:42'),
(18, 'trade_start', '09', '交易开始时间（H）', 'text', '2019-12-03 06:46:23', '2020-07-19 05:28:42'),
(19, 'trade_end', '21', '交易结束时间（H）', 'text', '2019-12-03 06:46:23', '2020-07-19 05:28:42'),
(20, 'trade_open', 'on', '开启交易系统', 'switch', '2019-12-03 06:46:23', '2020-07-19 05:28:42'),
(21, 'subordinate_buy_reward', 'on', '开启直推买币奖励(HTC)', 'switch', '2019-12-03 06:46:23', '2020-07-19 05:28:42'),
(6, 'low_credit_forbidden_sales', '96', '低于信用-禁止卖出（<）', 'text', '2019-11-24 14:34:49', '2020-07-19 05:28:42');

-- --------------------------------------------------------

--
-- 表的结构 `trade_numbers`
--

CREATE TABLE `trade_numbers` (
  `id` int(11) NOT NULL,
  `number` smallint(6) NOT NULL,
  `created_at` timestamp NOT NULL DEFAULT CURRENT_TIMESTAMP,
  `updated_at` timestamp NULL DEFAULT NULL
) ENGINE=MyISAM DEFAULT CHARSET=utf8;

--
-- 转存表中的数据 `trade_numbers`
--

INSERT INTO `trade_numbers` (`id`, `number`, `created_at`, `updated_at`) VALUES
(1, 5, '2019-12-04 08:43:41', NULL),
(2, 10, '2019-12-04 08:43:41', NULL),
(3, 50, '2019-12-04 08:43:44', NULL),
(4, 100, '2019-12-04 08:43:44', NULL),
(5, 200, '2019-12-04 08:43:44', NULL);

--
-- 转储表的索引
--

--
-- 表的索引 `activities`
--
ALTER TABLE `activities`
  ADD PRIMARY KEY (`id`);

--
-- 表的索引 `admins`
--
ALTER TABLE `admins`
  ADD PRIMARY KEY (`id`);

--
-- 表的索引 `assets`
--
ALTER TABLE `assets`
  ADD PRIMARY KEY (`id`);

--
-- 表的索引 `bills`
--
ALTER TABLE `bills`
  ADD PRIMARY KEY (`id`);

--
-- 表的索引 `coins`
--
ALTER TABLE `coins`
  ADD PRIMARY KEY (`id`);

--
-- 表的索引 `failed_jobs`
--
ALTER TABLE `failed_jobs`
  ADD PRIMARY KEY (`id`);

--
-- 表的索引 `ideals`
--
ALTER TABLE `ideals`
  ADD PRIMARY KEY (`id`);

--
-- 表的索引 `images`
--
ALTER TABLE `images`
  ADD PRIMARY KEY (`id`);

--
-- 表的索引 `jobs`
--
ALTER TABLE `jobs`
  ADD PRIMARY KEY (`id`),
  ADD KEY `queue` (`queue`(250));

--
-- 表的索引 `members`
--
ALTER TABLE `members`
  ADD PRIMARY KEY (`id`),
  ADD KEY `phone` (`phone`);

--
-- 表的索引 `member_levels`
--
ALTER TABLE `member_levels`
  ADD PRIMARY KEY (`id`);

--
-- 表的索引 `miners`
--
ALTER TABLE `miners`
  ADD PRIMARY KEY (`id`);

--
-- 表的索引 `my_miners`
--
ALTER TABLE `my_miners`
  ADD PRIMARY KEY (`id`);

--
-- 表的索引 `orders`
--
ALTER TABLE `orders`
  ADD PRIMARY KEY (`id`);

--
-- 表的索引 `permissions`
--
ALTER TABLE `permissions`
  ADD PRIMARY KEY (`id`);

--
-- 表的索引 `phone_tmps`
--
ALTER TABLE `phone_tmps`
  ADD PRIMARY KEY (`id`);

--
-- 表的索引 `real_name_auths`
--
ALTER TABLE `real_name_auths`
  ADD PRIMARY KEY (`id`);

--
-- 表的索引 `roles`
--
ALTER TABLE `roles`
  ADD PRIMARY KEY (`id`);

--
-- 表的索引 `system_logs`
--
ALTER TABLE `system_logs`
  ADD PRIMARY KEY (`id`);

--
-- 表的索引 `system_notices`
--
ALTER TABLE `system_notices`
  ADD PRIMARY KEY (`id`);

--
-- 表的索引 `system_settings`
--
ALTER TABLE `system_settings`
  ADD PRIMARY KEY (`id`);

--
-- 表的索引 `trade_numbers`
--
ALTER TABLE `trade_numbers`
  ADD PRIMARY KEY (`id`);

--
-- 在导出的表使用AUTO_INCREMENT
--

--
-- 使用表AUTO_INCREMENT `activities`
--
ALTER TABLE `activities`
  MODIFY `id` int(11) NOT NULL AUTO_INCREMENT, AUTO_INCREMENT=14;

--
-- 使用表AUTO_INCREMENT `admins`
--
ALTER TABLE `admins`
  MODIFY `id` int(11) NOT NULL AUTO_INCREMENT, AUTO_INCREMENT=9;

--
-- 使用表AUTO_INCREMENT `assets`
--
ALTER TABLE `assets`
  MODIFY `id` int(11) NOT NULL AUTO_INCREMENT, AUTO_INCREMENT=19;

--
-- 使用表AUTO_INCREMENT `bills`
--
ALTER TABLE `bills`
  MODIFY `id` int(11) NOT NULL AUTO_INCREMENT, AUTO_INCREMENT=257;

--
-- 使用表AUTO_INCREMENT `coins`
--
ALTER TABLE `coins`
  MODIFY `id` int(11) NOT NULL AUTO_INCREMENT, AUTO_INCREMENT=27;

--
-- 使用表AUTO_INCREMENT `failed_jobs`
--
ALTER TABLE `failed_jobs`
  MODIFY `id` bigint(20) UNSIGNED NOT NULL AUTO_INCREMENT, AUTO_INCREMENT=93;

--
-- 使用表AUTO_INCREMENT `ideals`
--
ALTER TABLE `ideals`
  MODIFY `id` int(11) NOT NULL AUTO_INCREMENT;

--
-- 使用表AUTO_INCREMENT `images`
--
ALTER TABLE `images`
  MODIFY `id` int(11) NOT NULL AUTO_INCREMENT, AUTO_INCREMENT=8;

--
-- 使用表AUTO_INCREMENT `jobs`
--
ALTER TABLE `jobs`
  MODIFY `id` bigint(20) UNSIGNED NOT NULL AUTO_INCREMENT, AUTO_INCREMENT=327;

--
-- 使用表AUTO_INCREMENT `members`
--
ALTER TABLE `members`
  MODIFY `id` int(10) UNSIGNED NOT NULL AUTO_INCREMENT, AUTO_INCREMENT=23;

--
-- 使用表AUTO_INCREMENT `member_levels`
--
ALTER TABLE `member_levels`
  MODIFY `id` tinyint(1) NOT NULL AUTO_INCREMENT, AUTO_INCREMENT=8;

--
-- 使用表AUTO_INCREMENT `miners`
--
ALTER TABLE `miners`
  MODIFY `id` int(11) NOT NULL AUTO_INCREMENT, AUTO_INCREMENT=8;

--
-- 使用表AUTO_INCREMENT `my_miners`
--
ALTER TABLE `my_miners`
  MODIFY `id` int(11) NOT NULL AUTO_INCREMENT, AUTO_INCREMENT=190;

--
-- 使用表AUTO_INCREMENT `orders`
--
ALTER TABLE `orders`
  MODIFY `id` int(11) NOT NULL AUTO_INCREMENT, AUTO_INCREMENT=65;

--
-- 使用表AUTO_INCREMENT `permissions`
--
ALTER TABLE `permissions`
  MODIFY `id` int(11) NOT NULL AUTO_INCREMENT, AUTO_INCREMENT=101;

--
-- 使用表AUTO_INCREMENT `phone_tmps`
--
ALTER TABLE `phone_tmps`
  MODIFY `id` int(11) NOT NULL AUTO_INCREMENT, AUTO_INCREMENT=20;

--
-- 使用表AUTO_INCREMENT `real_name_auths`
--
ALTER TABLE `real_name_auths`
  MODIFY `id` int(11) NOT NULL AUTO_INCREMENT, AUTO_INCREMENT=12;

--
-- 使用表AUTO_INCREMENT `roles`
--
ALTER TABLE `roles`
  MODIFY `id` int(11) NOT NULL AUTO_INCREMENT, AUTO_INCREMENT=21;

--
-- 使用表AUTO_INCREMENT `system_logs`
--
ALTER TABLE `system_logs`
  MODIFY `id` int(11) NOT NULL AUTO_INCREMENT, AUTO_INCREMENT=353;

--
-- 使用表AUTO_INCREMENT `system_notices`
--
ALTER TABLE `system_notices`
  MODIFY `id` int(11) NOT NULL AUTO_INCREMENT, AUTO_INCREMENT=20;

--
-- 使用表AUTO_INCREMENT `system_settings`
--
ALTER TABLE `system_settings`
  MODIFY `id` int(11) NOT NULL AUTO_INCREMENT, AUTO_INCREMENT=25;

--
-- 使用表AUTO_INCREMENT `trade_numbers`
--
ALTER TABLE `trade_numbers`
  MODIFY `id` int(11) NOT NULL AUTO_INCREMENT, AUTO_INCREMENT=6;
COMMIT;

/*!40101 SET CHARACTER_SET_CLIENT=@OLD_CHARACTER_SET_CLIENT */;
/*!40101 SET CHARACTER_SET_RESULTS=@OLD_CHARACTER_SET_RESULTS */;
/*!40101 SET COLLATION_CONNECTION=@OLD_COLLATION_CONNECTION */;
